Customer ID,Recency,Frequency,Monetary,Cluster,Segment,LTV_12M,prob_alive,pred_purchases_90d,pred_purchases_180d,pred_purchases_365d
AA-10315,185,5,5563.56,1,Champions,1442.221351391899,1.0,0.31495162885696826,0.6299032577139352,1.2773038281421463
AA-10375,20,9,1056.39,1,Champions,245.84864133184118,1.0,0.49747695829214683,0.9949539165842906,2.017545441962588
AA-10480,260,4,1790.5120000000002,0,Loyal Customers,616.200457646717,0.9999999999999998,0.27521769610419905,0.5504353922083977,1.1161606564225839
AA-10645,56,6,5086.9349999999995,1,Champions,1128.1202902207954,1.0,0.3746162105888579,0.7492324211777176,1.5192768540548238
AB-10015,416,3,886.156,0,Loyal Customers,372.9979098301019,0.9999999999999996,0.22178236400338297,0.44356472800676616,0.8994506984581649
AB-10060,55,8,7755.62,1,Champions,2538.0819719044407,1.0,0.6087547640968693,1.2175095281937454,2.4688387655039756
AB-10105,42,10,14473.570999999998,1,Champions,3450.902162679026,1.0,0.6169213874438371,1.233842774887676,2.501958960188899
AB-10150,42,5,966.71,1,Champions,79.69795808626937,1.0,0.31096793462204714,0.6219358692440949,1.2611477348560742
AB-10165,26,8,1113.838,1,Champions,295.47362596763935,1.0,0.5052414371845089,1.0104828743690177,2.0490347174705046
AB-10255,167,9,914.5319999999999,1,Champions,222.06567642176742,1.0,0.5213571192575811,1.0427142385151638,2.114392761433531
AB-10600,51,4,1515.862,1,Champions,583.1254409468245,1.0,0.30553265245426553,0.6110653049085306,1.2391046460645203
AC-10420,233,3,925.8,0,Loyal Customers,104.28305568669323,0.9999999999999998,0.2383593602582964,0.4767187205165928,0.9666796277142025
AC-10450,12,7,5527.846,1,Champions,1359.5537554631196,1.0,0.4512175579999474,0.9024351159998937,1.8299378741108963
AC-10615,7,5,2537.6859999999997,1,Champions,967.2363971734384,1.0,0.4271213112343671,0.8542426224687348,1.7322142066727095
AC-10660,283,5,657.316,0,Loyal Customers,156.9778795311726,0.9999999999999998,0.3489992456658304,0.6979984913316621,1.4153858296447586
AD-10180,30,8,6106.88,1,Champions,1664.4209605717017,1.0,0.5060851162779756,1.0121702325559512,2.0524563049051254
AF-10870,42,7,2052.908,1,Champions,747.8357562125346,1.0,0.5791284306985385,1.158256861397077,2.3486875244996264
AF-10885,416,4,861.565,0,Loyal Customers,174.07634334767846,0.9999999999999998,0.27604767964095933,0.5520953592819222,1.1195267007661207
AG-10270,279,5,2582.898,1,Champions,771.361571826007,1.0,0.3217688838646779,0.6435377677293578,1.304951584562306
AG-10300,119,4,367.548,0,Loyal Customers,44.69113068600281,1.0,0.2741187841180219,0.5482375682360442,1.1117039578119783
AG-10330,9,5,660.972,1,Champions,249.53853539112404,1.0,0.4679883995073982,0.9359767990147964,1.8979529535577817
AG-10390,115,5,200.945,0,Loyal Customers,24.55517279917947,1.0,0.317927946964222,0.6358558939284493,1.289374451577135
AG-10495,79,8,2356.855,1,Champions,607.8829088955536,1.0,0.519383631699172,1.038767263398344,2.1063891730021953
AG-10525,846,4,1455.038,0,Loyal Customers,464.3386852164062,0.999999999999998,0.28927890382624294,0.5785578076524863,1.1731866655175407
AG-10675,98,7,3489.0396000000005,1,Champions,1024.3895928585912,1.0,0.5033376896554443,1.0066753793108876,2.041313963602634
AG-10765,78,4,170.584,0,Loyal Customers,65.19902023566812,1.0,0.2953458481846649,0.5906916963693298,1.1977914954155853
AG-10900,97,10,4510.797,1,Champions,713.4999989151595,1.0,0.5686128157145482,1.1372256314290947,2.306040863731224
AH-10030,13,7,1744.7,1,Champions,383.82951191523983,1.0,0.4080639006548903,0.8161278013097817,1.6549258193226113
AH-10075,35,10,3250.337,1,Champions,823.9600531045023,1.0,0.6052656109447321,1.2105312218894677,2.4546883110536393
AH-10120,61,7,1735.5140000000001,1,Champions,398.3839303878815,1.0,0.4265488567867087,0.8530977135734207,1.7298925858572134
AH-10195,56,4,1587.452,1,Champions,600.8065982033723,1.0,0.3248705627080263,0.6497411254160517,1.317530615426991
AH-10210,7,9,4805.344,1,Champions,1107.9939293879709,1.0,0.5592938449618965,1.1185876899237883,2.268247260123259
AH-10465,231,5,2495.3916,1,Champions,257.7724231156169,1.0,0.36493924219024126,0.7298784843804819,1.4800313711048678
AH-10585,22,4,738.504,0,Loyal Customers,114.56486834243864,1.0,0.3016727237544467,0.6033454475088939,1.2234504907819244
AH-10690,411,12,7888.294,1,Champions,1652.691103333454,0.9999999999999998,0.6259798377000498,1.2519596754000952,2.538696008450199
AI-10855,14,10,4375.786,1,Champions,615.8019254905541,1.0,0.5441815818042275,1.088363163608455,2.206958637317148
AJ-10780,76,7,4867.344,1,Champions,1176.6678811008994,1.0,0.3883335210215622,0.7766670420431266,1.574908168587448
AJ-10795,167,7,4501.391,1,Champions,1088.9130289276077,1.0,0.41258523635341515,0.8251704727068292,1.6732623474332946
AJ-10945,86,7,1839.24,1,Champions,457.762438498789,1.0,0.3981477156225413,0.7962954312450848,1.6147101800247556
AJ-10960,75,3,629.2479999999999,0,Loyal Customers,84.07224450178762,0.9999999999999998,0.24654967804103123,0.493099356082062,0.9998959164997371
AM-10360,29,5,814.012,1,Champions,265.3589928041341,1.0,0.34729270813554575,0.6945854162710915,1.4084648718830477
AM-10705,163,8,5664.022,1,Champions,958.8176375419107,1.0,0.5007889041739942,1.0015778083479858,2.0309772224834193
AO-10810,502,1,161.28,0,Loyal Customers,,,,,
AP-10720,42,8,1638.554,1,Champions,353.77197662061127,1.0,0.44188874007871504,0.8837774801574314,1.7921043347636834
AP-10915,99,10,3323.556,1,Champions,703.1836755854996,1.0,0.5779661664866421,1.1559323329732718,2.343973897418048
AR-10345,112,4,1055.694,0,Loyal Customers,114.596559740571,1.0,0.3128421918718946,0.6256843837437892,1.2687488892582386
AR-10405,126,5,2236.128,1,Champions,648.7256872733019,1.0,0.3467275649823971,0.6934551299647949,1.4061729024286107
AR-10510,15,5,264.86400000000003,0,Loyal Customers,75.23430661296777,1.0,0.31999699771207796,0.6399939954241552,1.2977656018323174
AR-10540,7,6,6608.448,1,Champions,2017.9222183445656,1.0,0.40725402579632364,0.8145080515926499,1.6516413268406482
AR-10570,535,1,88.15,0,Loyal Customers,,,,,
AR-10825,59,8,4523.336,1,Champions,1136.1086043499777,1.0,0.4690143513841461,0.9380287027682909,1.902113758391259
AS-10045,89,7,3050.692,1,Champions,806.4472914343462,1.0,0.42855712736935386,0.8571142547387077,1.738037238775713
AS-10090,29,9,3255.31,1,Champions,652.0752441403033,1.0,0.5387866198609754,1.0775732397219508,2.185079069436179
AS-10135,42,2,58.82,0,Loyal Customers,86.2187569006691,0.9999999999985401,0.3445566095265695,0.6891132190531397,1.3973684719688646
AS-10225,23,5,4260.784,1,Champions,678.3666163842463,1.0,0.3495718245732789,0.6991436491465538,1.4177079552138427
AS-10240,193,7,584.6080000000001,1,Champions,56.35455170118086,1.0,0.4004833894535327,0.8009667789070531,1.6241826350059667
AS-10285,20,6,3214.236,1,Champions,1385.0037196420642,1.0,0.5845104733559338,1.1690209467118666,2.3705146974990656
AS-10630,93,7,833.398,1,Champions,226.1931200731634,1.0,0.42968102593151186,0.8593620518630237,1.7425952718333524
AT-10435,22,6,1171.814,1,Champions,361.30268797465664,1.0,0.40702670832198323,0.8140534166439674,1.6507194281947055
AT-10735,14,10,3831.864,1,Champions,902.6628342610711,1.0,0.5801209591110998,1.1602419182222015,2.3527127786172395
AW-10840,21,4,649.376,0,Loyal Customers,271.516497141204,1.0,0.3325420452826725,0.6650840905653446,1.3486427392019482
AW-10930,47,7,2852.968,1,Champions,747.4721218369307,1.0,0.42566232115548125,0.8513246423109625,1.7262971913527878
AY-10555,15,4,497.014,0,Loyal Customers,105.26523412199309,1.0,0.27140951817233666,0.5428190363446742,1.1007163792544774
AZ-10750,161,6,1622.0179999999998,1,Champions,432.75149548286083,1.0,0.35683465099686745,0.713669301993734,1.4471627512650722
BB-10990,106,5,744.3399999999999,0,Loyal Customers,151.06662280146836,1.0,0.3343934436228826,0.6687868872457639,1.3561511880261339
BB-11545,29,9,6765.728,1,Champions,1990.295861545156,1.0,0.6250698655392821,1.2501397310785658,2.5350055657982056
BC-11125,203,9,2933.676,1,Champions,599.9324344610519,1.0,0.5170407242047186,1.0340814484094387,2.0968873814969125
BD-11320,34,12,5718.521,1,Champions,855.5001145016199,1.0,0.7914957069742556,1.582991413948509,3.209954811617838
BD-11500,36,6,4411.2429999999995,1,Champions,1041.9532450577167,1.0,0.3493135798861431,0.6986271597722871,1.4166606295382487
BD-11560,279,2,320.54,0,Loyal Customers,158.85334475224855,0.9999999999972846,0.23010273856718783,0.46020547713437654,0.9331944397447063
BD-11605,98,7,3288.471,1,Champions,395.54474634536393,1.0,0.38888655431297386,0.7777731086259466,1.577151025824838
BD-11620,70,6,1538.11,1,Champions,351.3215248698231,1.0,0.37616216324947666,0.7523243264989542,1.5255465509562085
BD-11635,10,3,582.646,0,Loyal Customers,237.70513725971378,0.9999999999999998,0.24936116897520058,0.4987223379504016,1.011298074177203
BD-11725,94,6,1526.5,1,Champions,410.22203888402225,1.0,0.46430094009789347,0.9286018801957923,1.8829982570636765
BD-11770,328,6,658.466,0,Loyal Customers,262.16295864298723,0.9999999999999998,0.552617573195697,1.105235146391394,2.2411712690714385
BE-11335,120,5,4204.676,1,Champions,1815.645824441181,1.0,0.4650306140497404,0.9300612280994814,1.8859574903128375
BE-11410,99,5,2261.438,1,Champions,1001.3754395084869,1.0,0.4729441840973374,0.9458883681946748,1.9180514132836444
BE-11455,255,6,1727.652,1,Champions,505.4952919947604,0.9999999999999998,0.41492232062438444,0.8298446412487702,1.6827405225322278
BF-10975,92,7,599.798,1,Champions,158.32452092220626,1.0,0.42566232115548125,0.8513246423109625,1.7262971913527878
BF-11005,40,4,1333.88,1,Champions,497.92415464294186,1.0,0.2966219399309547,0.5932438798619085,1.2029667563866482
BF-11020,75,8,2888.506,1,Champions,678.9678865996693,1.0,0.4384790471498455,0.876958094299691,1.7782761356632595
BF-11080,26,3,272.95,0,Loyal Customers,131.23717957677124,0.9999999999999998,0.2568940437486056,0.5137880874972114,1.0418480663137888
BF-11170,17,11,5907.972,1,Champions,1300.3704297462104,1.0,0.5847640957261523,1.1695281914523046,2.37154327711162
BF-11215,66,4,1585.162,1,Champions,590.6845711312392,1.0,0.3040105406529343,0.6080210813058691,1.232931637092458
BF-11275,58,3,791.9899999999999,0,Loyal Customers,177.24632473196834,0.9999999999999998,0.22526375200254842,0.4505275040050973,0.913569660899225
BG-11035,29,8,2798.948,1,Champions,718.652223605574,1.0,0.502171867255693,1.0043437345113873,2.0365859060925358
BG-11695,37,6,1874.172,1,Champions,511.5343845070273,1.0,0.36670403219743797,0.733408064394875,1.4871885750229434
BG-11740,58,6,1006.356,1,Champions,271.8671215611038,1.0,0.35788541891329945,0.7157708378266007,1.4514241989261627
BH-11710,24,8,6255.351,1,Champions,637.039657434128,1.0,0.463988082037494,0.927976164074988,1.881729443818726
BK-11260,78,6,659.1379999999999,1,Champions,146.10971808420518,1.0,0.3828773521255325,0.7657547042510658,1.5527803725091072
BM-11140,308,4,11789.63,1,Champions,467.5747041264827,0.9999999999999998,0.29392330593127725,0.5878466118625545,1.192022296276846
BM-11575,101,6,808.162,1,Champions,249.71652044514394,1.0,0.48725902750761096,0.9745180550152193,1.9761060560030839
BM-11650,34,11,7294.185,1,Champions,1673.861471518313,1.0,0.6111298708734025,1.222259741746805,2.4784711429865838
BM-11785,219,10,1338.842,1,Champions,309.99013553402773,1.0,0.5549955329008401,1.109991065801682,2.250815216764524
BN-11470,25,4,265.296,0,Loyal Customers,30.874084634059393,1.0,0.2945538515212278,0.5891077030424561,1.194579508947203
BN-11515,10,5,1459.344,1,Champions,360.3830135362372,1.0,0.3127939667064636,0.6255879334129278,1.2685533094206605
BO-11350,138,5,2682.728,1,Champions,473.90567160944573,1.0,0.4610060155208281,0.9220120310416569,1.8696355073900255
BO-11425,76,2,130.83,0,Loyal Customers,128.11970224545155,0.999999999998465,0.24588665896247774,0.4917733179249553,0.9972070057922712
BP-11050,84,5,983.42,1,Champions,319.72557349200116,1.0,0.3484285393949427,0.6968570787898861,1.413071298657268
BP-11095,18,12,2442.044,1,Champions,539.8142746491776,1.0,0.6470419334055587,1.2940838668111152,2.6241145077002956
BP-11155,90,6,1697.8609999999999,1,Champions,205.7568892540423,1.0,0.4558831968661845,0.9117663937323681,1.8488596317350794
BP-11185,2,9,3675.861,1,Champions,1076.9398473660224,1.0,0.5439302735929014,1.0878605471858027,2.205939442904547
BP-11230,40,5,1181.49,1,Champions,340.08013164225383,1.0,0.3180861543128443,0.6361723086256873,1.2900160702687553
BP-11290,13,7,2475.157,1,Champions,621.7645396262676,1.0,0.44436448160809333,0.8887289632161867,1.8021448420772679
BS-11365,559,5,10501.653,1,Champions,3159.826843899453,0.9999999999999996,0.32031770588377223,0.6406354117675451,1.2990662516397447
BS-11380,29,5,3887.834,1,Champions,1313.2867622966676,1.0,0.3577898389288524,0.7155796778577055,1.451036568989241
BS-11590,36,6,2454.928,1,Champions,628.091396169472,1.0,0.346327376893025,0.6926547537860482,1.404549917399479
BS-11665,583,3,3288.1099999999997,0,Loyal Customers,1442.8361907639012,0.9999999999999993,0.236031590228852,0.472063180457704,0.9572392270392338
BS-11755,2,7,2562.382,1,Champions,465.6571307239631,1.0,0.41341808360504306,0.8268361672100861,1.6766400057315631
BS-11800,266,2,949.4300000000001,0,Loyal Customers,740.1333343439155,0.9999999999972145,0.24853493527659676,0.4970698705531932,1.007947237510643
BT-11305,337,5,2567.656,0,Loyal Customers,155.68208311438462,0.9999999999999998,0.3188795587619057,0.6377591175238088,1.2932337660899507
BT-11395,303,6,2186.6130000000003,1,Champions,586.7003282236813,0.9999999999999998,0.4009836352062031,0.8019672704124045,1.6262114094473772
BT-11440,561,4,603.876,0,Loyal Customers,61.409345920018296,0.9999999999999996,0.2795605143245388,0.5591210286490776,1.1337731969828515
BT-11485,660,2,415.19599999999997,0,Loyal Customers,41.42366921058058,0.9999999999827929,0.2649426481638098,0.5298852963276202,1.074489628664342
BT-11530,92,5,2684.4919999999997,1,Champions,812.7091467728593,1.0,0.32306990308831696,0.6461398061766352,1.3102279403026234
BT-11680,21,7,3196.752,1,Champions,635.7789781794822,1.0,0.4582853243654681,0.9165706487309373,1.858601593259949
BV-11245,335,5,1523.2730000000001,0,Loyal Customers,527.7379274325405,0.9999999999999998,0.3828630835880265,0.765726167176053,1.5527225056625522
BW-11065,213,3,385.516,0,Loyal Customers,168.6547459245832,0.9999999999999998,0.23256504635984146,0.46513009271968314,0.943180465792691
BW-11110,122,8,4750.358,1,Champions,1375.053957209445,1.0,0.5426317736101384,1.0852635472202754,2.200673304085565
BW-11200,204,6,1738.406,1,Champions,272.94409353771516,1.0,0.33721597683146964,0.67443195366294,1.3675981282609624
CA-11965,97,6,3789.7228,1,Champions,958.7250393226218,1.0,0.3483124733994257,0.696624946798847,1.4126005865643396
CA-12055,402,5,1679.7240000000002,0,Loyal Customers,641.3297586923345,0.9999999999999996,0.4242862439281459,0.8485724878562918,1.7207164337085903
CA-12265,57,9,2648.2872,1,Champions,592.8480376729394,1.0,0.49087835887502773,0.9817567177500539,1.9907844554376197
CA-12310,14,4,1421.954,1,Champions,352.9095073362706,1.0,0.28611419877503197,0.5722283975500639,1.1603520283654107
CA-12775,121,7,3041.566,1,Champions,374.511889800965,1.0,0.4221527261573582,0.8443054523147187,1.712063833860409
CB-12025,48,10,6076.139,1,Champions,1400.2753251677539,1.0,0.4899156469942177,0.9798312939884338,1.9868801239209901
CB-12415,27,8,1949.2,1,Champions,651.5674010038304,1.0,0.6289684723230091,1.2579369446460196,2.5508165821988746
CB-12535,198,8,4246.4555,1,Champions,1156.2066630037743,1.0,0.5187909191454297,1.0375818382908608,2.1039853943120264
CC-12100,458,6,1770.945,0,Loyal Customers,147.0654631879264,0.9999999999999998,0.41208704105746163,0.8241740821149233,1.6712418887330398
CC-12145,107,7,2471.65,1,Champions,618.4589202877185,1.0,0.42699351085034004,0.8539870217006801,1.7316959051152767
CC-12220,21,12,3913.418,1,Champions,909.2919604985386,1.0,0.679609443759218,1.3592188875184381,2.7561938552457175
CC-12370,44,5,12129.072000000002,1,Champions,1745.4503816480135,1.0,0.5131926532023803,1.0263853064047652,2.0812813157652084
CC-12430,1,10,2870.05,1,Champions,789.1642727929503,1.0,0.7234591743443807,1.4469183486887685,2.9340288737299995
CC-12475,40,9,1659.438,1,Champions,382.4689313692628,1.0,0.5037469439485366,1.0074938878970732,2.0429737171246196
CC-12550,28,3,113.832,0,Loyal Customers,77.45088924189369,0.9999999999999998,0.5354868815636717,1.0709737631273457,2.1716967974526713
CC-12610,35,7,2540.631,1,Champions,202.19768492207106,1.0,0.4356216378263505,0.8712432756527021,1.7666877534068677
CC-12670,30,7,2269.7015,1,Champions,484.7545612900227,1.0,0.4647855857774173,0.9295711715548213,1.8849637645417234
CC-12685,800,4,2854.1150000000002,0,Loyal Customers,954.2519652282375,0.9999999999999989,0.26941245513163653,0.5388249102632731,1.0926171791449704
CD-11920,41,5,2033.968,1,Champions,598.7299651786881,1.0,0.3138690896665267,0.6277381793330534,1.272913530314248
CD-11980,55,3,639.766,0,Loyal Customers,515.1475194973578,0.9999999999999998,0.4329907221902061,0.8659814443804116,1.7560179288825029
CD-12280,43,2,1205.584,0,Loyal Customers,837.6560526669175,0.999999999998405,0.516698700838132,1.0333974016762633,2.0955002867324257
CD-12790,400,5,1860.732,0,Loyal Customers,537.8782640900369,0.9999999999999998,0.3063478983052586,0.6126957966105172,1.2424109209046597
CG-12040,50,6,904.4680000000001,1,Champions,310.03956041939193,1.0,0.4550297839875674,0.9100595679751339,1.845398568394022
CG-12520,339,3,1148.7800000000002,0,Loyal Customers,609.1703452884867,0.9999999999999996,0.31312270685574767,0.6262454137114956,1.2698865333594223
CH-12070,692,3,1537.236,0,Loyal Customers,796.1693887651784,0.9999999999999978,0.29090648917182926,0.5818129783436592,1.179787428307975
CJ-11875,366,1,16.52,0,Loyal Customers,,,,,
CJ-12010,190,8,11164.974,1,Champions,4078.306365811937,1.0,0.6890261647181255,1.3780523294362537,2.7943838902457383
CK-12205,40,13,3154.855,1,Champions,653.8865745390153,1.0,0.6631723367953573,1.3263446735907145,2.6895322547811467
CK-12325,121,5,2945.321,1,Champions,535.708729497581,1.0,0.31233545113991873,0.6246709022798388,1.2666937740674482
CK-12595,44,11,2372.75,1,Champions,596.9744584720012,1.0,0.6701740547360714,1.3403481094721408,2.717928110874065
CK-12760,83,9,1582.109,1,Champions,333.67078272060706,1.0,0.48003055697954217,0.9600611139590859,1.946790592194813
CL-11890,107,4,1262.0140000000001,0,Loyal Customers,416.47166472603226,1.0,0.28716137856500545,0.5743227571300109,1.164598924180301
CL-12565,285,12,10880.546,1,Champions,2223.4699500903766,1.0,0.6171527811800234,1.2343055623600445,2.502897390341195
CL-12700,106,5,2353.586,1,Champions,482.93729808075796,1.0,0.501516052004436,1.0030321040088728,2.033926210906877
CM-11815,132,6,1673.888,1,Champions,508.08543925365984,1.0,0.4047674131346851,0.809534826269372,1.6415567310462247
CM-11935,709,2,565.392,0,Loyal Customers,518.1195854278412,0.9999999999823772,0.248200785250509,0.4964015705010179,1.0065920735159537
CM-12115,9,4,1661.6100000000001,1,Champions,688.2944346230015,1.0,0.3295489842579588,0.6590979685159167,1.3365042139350545
CM-12160,27,6,2533.314,1,Champions,1229.4411311592044,1.0,0.6662142591189095,1.332428518237819,2.7018689397600273
CM-12190,9,6,1475.144,1,Champions,383.7042204369874,1.0,0.48823774427224054,0.9764754885444846,1.9800752962151993
CM-12235,386,5,2305.712,0,Loyal Customers,1036.3430245993354,0.9999999999999996,0.5042856239209922,1.0085712478419837,2.045158363679579
CM-12385,38,4,8954.019999999999,1,Champions,1053.4457768101627,1.0,0.32699824233799557,0.6539964846759916,1.3261595383707587
CM-12445,437,3,287.99,0,Loyal Customers,119.38338325148035,0.9999999999999996,0.23434527602075786,0.4686905520415157,0.9504002860841841
CM-12655,28,6,6339.5576,1,Champions,1936.856972154841,1.0,0.43494574044172907,0.869891480883459,1.7639466140136808
CM-12715,1036,4,3984.4524,0,Loyal Customers,962.6888554447614,0.999999999999996,0.2674445666687449,0.5348891333374898,1.084636298156576
CP-12085,83,8,5402.254,1,Champions,1450.8236887940159,1.0,0.5103461322050623,1.0206922644101246,2.069737091720532
CP-12340,161,8,5888.275,1,Champions,585.0183927311577,1.0,0.4449160195776725,0.889832039155345,1.804381634953893
CR-12580,58,4,2148.852,1,Champions,1039.1891972080489,1.0,0.42888475414147564,0.8577695082829513,1.73936594735154
CR-12625,471,3,475.9,0,Loyal Customers,67.2334721240549,0.9999999999999996,0.2333924423254916,0.466784884650983,0.946536016097828
CR-12730,79,4,1600.55,1,Champions,436.9464087873431,1.0,0.2909647096024983,0.5819294192049989,1.1800235444990246
CR-12820,86,3,1397.8724,0,Loyal Customers,704.4610987026947,0.9999999999999998,0.26535541947517105,0.5307108389503425,1.0761636456493056
CS-11845,92,5,1278.954,1,Champions,436.2579682127686,1.0,0.36081927767491245,0.7216385553498256,1.4633226261260301
CS-11860,163,6,537.632,0,Loyal Customers,18.675333759093885,1.0,0.36505185250516925,0.7301037050103367,1.4804880684931823
CS-11950,26,11,3036.547,1,Champions,556.9616209978778,1.0,0.6014668266924074,1.2029336533848147,2.4392821304747687
CS-12130,490,4,884.64,0,Loyal Customers,154.08545464616776,0.9999999999999996,0.2886707166531359,0.5773414333062704,1.17072012864883
CS-12175,233,5,844.4580000000001,0,Loyal Customers,209.744853606994,1.0,0.33721597683146964,0.67443195366294,1.3675981282609624
CS-12250,27,12,2754.216,1,Champions,304.32704653510103,1.0,0.6025044606255076,1.2050089212510107,2.4434903125367726
CS-12355,7,11,3202.1620000000003,1,Champions,699.3549358966796,1.0,0.5755230644600707,1.1510461289201415,2.334065761421398
CS-12400,3,9,3651.8585000000003,1,Champions,851.8130149710992,1.0,0.5399512082465083,1.0799024164930167,2.1898021223330617
CS-12460,28,2,550.644,0,Loyal Customers,422.6867763308045,0.9999999999985774,0.4397691726451195,0.8795383452902394,1.7835083112829888
CS-12490,425,4,1077.2285,0,Loyal Customers,277.7523274829329,0.9999999999999998,0.31517607815269344,0.630352156305386,1.2782140947303664
CS-12505,59,6,5690.054999999999,1,Champions,1536.7579723965343,1.0,0.3584131269337503,0.716826253867498,1.4535643481202076
CT-11995,97,8,3241.898,1,Champions,530.5953059805655,1.0,0.456303711951543,0.9126074239030874,1.8505650540256955
CV-12295,255,5,2830.6279999999997,1,Champions,490.19485450525445,1.0,0.31448677046521184,0.6289735409304223,1.2754185691089117
CV-12805,6,9,2370.3136,1,Champions,510.2707866039801,1.0,0.7933015075798721,1.5866030151597426,3.21727833629615
CW-11905,23,6,1136.592,1,Champions,282.0720010942278,1.0,0.37213095963079984,0.7442619192615997,1.5091977807249093
CY-12745,61,8,2900.026,1,Champions,744.8419935974804,1.0,0.512648144879811,1.0252962897596194,2.079073032012559
Co-12640,550,5,1300.076,0,Loyal Customers,258.7102221003217,0.9999999999999996,0.3280438696763845,0.656087739352769,1.3304001381320056
DA-13450,353,4,156.76,0,Loyal Customers,51.99326784910832,0.9999999999999998,0.273982036850062,0.5479640737001231,1.1111493716696963
DB-12910,22,8,2171.599,1,Champions,582.9547551791887,1.0,0.49886550370677346,0.9977310074135483,2.02317676503303
DB-12970,242,5,2839.2272,1,Champions,886.026359403826,1.0,0.3544173919487065,0.7088347838974143,1.4373594229030864
DB-13060,17,7,4531.646,1,Champions,1020.6905956954688,1.0,0.3977610827947583,0.7955221655895166,1.6131421691120869
DB-13120,49,7,2973.094,1,Champions,852.4878122812039,1.0,0.5014889562536073,1.0029779125072158,2.0338163225840726
DB-13210,10,10,2332.577,1,Champions,593.5137445007538,1.0,0.6508350797167176,1.301670159433437,2.6394978232955735
DB-13270,54,8,4655.897,1,Champions,1067.7631136809694,1.0,0.43616524567531095,0.8723304913506219,1.768892385238762
DB-13360,265,5,1081.466,0,Loyal Customers,310.97456630633235,0.9999999999999998,0.35579831708903986,0.7115966341780797,1.4429598415277727
DB-13405,188,4,1711.692,0,Loyal Customers,506.31034807789905,0.9999999999999998,0.3578960836382425,0.7157921672764845,1.451467450310651
DB-13555,108,7,3908.8028,1,Champions,791.858765746315,1.0,0.4078607387431636,0.8157214774863261,1.654101884902826
DB-13615,34,7,1989.05,1,Champions,545.2152925657264,1.0,0.44364255009684295,0.8872851001936737,1.7992170087260588
DB-13660,13,7,1155.202,1,Champions,289.9494383773599,1.0,0.4197732614501506,0.8395465229003001,1.7024137825478225
DC-12850,38,9,3336.168,1,Champions,691.7475804234249,1.0,0.5167733213864895,1.0335466427729696,2.0958029145118764
DC-13285,24,5,1174.618,1,Champions,357.67076179040436,1.0,0.3639004555615952,0.7278009111231911,1.4758185142220241
DD-13570,42,6,269.542,0,Loyal Customers,51.94318289263146,1.0,0.3592961071066221,0.7185922142132442,1.4571453232657448
DE-13255,720,5,2550.874,0,Loyal Customers,818.9450618774816,0.9999999999999989,0.3390043849789454,0.6780087699578902,1.3748511168590565
DF-13135,701,3,2390.534,0,Loyal Customers,1086.4910321079535,0.9999999999999987,0.24922583525724562,0.49845167051449124,1.010749220765497
DG-13300,33,5,3195.818,1,Champions,1041.5918258119075,1.0,0.3522688927988688,0.7045377855977369,1.428646065239856
DH-13075,278,6,4932.872,1,Champions,1250.4153143114088,1.0,0.40634627593848643,0.812692551876972,1.6479598968616396
DH-13675,777,4,1043.096,0,Loyal Customers,217.85586029651466,0.9999999999999987,0.2897367286551409,0.5794734573102827,1.1750433995458514
DJ-13420,638,4,2012.52,0,Loyal Customers,742.5454154395837,0.9999999999999991,0.30897030628211947,0.6179406125642394,1.2530462421441515
DJ-13510,49,8,2501.6879999999996,1,Champions,524.6311997832055,1.0,0.4809222673429394,0.9618445346858788,1.9504069731130356
DJ-13630,13,3,3356.398,1,Champions,1893.021850214608,0.9999999999999998,0.3264796172809178,0.6529592345618356,1.324056225639278
DK-12835,22,12,3256.48,1,Champions,684.0247727869735,1.0,0.623826129702313,1.2476522594046326,2.529961526014949
DK-12895,46,5,4282.176,1,Champions,629.9526910198955,1.0,0.37877936794059325,0.7575587358811898,1.5361607699813007
DK-12985,8,5,1687.04,1,Champions,354.2501470819755,1.0,0.3567912989835335,0.713582597967069,1.446986934766551
DK-13090,43,7,2650.557,1,Champions,569.2922813522204,1.0,0.48372209299452024,0.9674441859890405,1.961761821588888
DK-13150,11,2,797.832,0,Loyal Customers,299.8974710914584,0.9999999999987268,0.2073582262918365,0.4147164525836726,0.840952806628003
DK-13225,11,9,4802.394,1,Champions,1102.6782849421918,1.0,0.4882399564753722,0.9764799129507444,1.9800842679278976
DK-13375,20,8,3318.486,1,Champions,772.2570256256465,1.0,0.48632425536468216,0.9726485107293656,1.9723150356456594
DL-12865,101,8,1503.112,1,Champions,373.495644745112,1.0,0.46877253718517237,0.9375450743703461,1.901133067473205
DL-12925,58,6,3272.2,1,Champions,584.1478825523617,1.0,0.39046287776961547,0.7809257555392318,1.5835438931767742
DL-13315,23,8,1458.258,1,Champions,271.78910466551747,1.0,0.4322256765359877,0.8644513530719767,1.752915243729282
DL-13330,58,4,585.02,0,Loyal Customers,203.89784762519494,1.0,0.28229064661703773,0.5645812932340755,1.1448454001690986
DL-13495,77,8,3539.322,1,Champions,1154.8932165619638,1.0,0.6515030186348547,1.3030060372697108,2.6422066866858023
DM-12955,115,7,1322.034,1,Champions,149.6169870797519,1.0,0.44364255009684295,0.8872851001936737,1.7992170087260588
DM-13015,58,7,6345.103,1,Champions,572.431994808889,1.0,0.43983152557560784,0.8796630511512123,1.7837611870566268
DM-13345,23,8,4074.4719999999998,1,Champions,1101.1037094455319,1.0,0.5016177664388997,1.0032355328778007,2.0343387194466533
DM-13525,482,3,1376.792,0,Loyal Customers,517.2708012037716,0.9999999999999996,0.2374964383801884,0.47499287676037594,0.9631800000974305
DN-13690,218,7,2139.79,1,Champions,433.2625171973006,1.0,0.44125296203781883,0.8825059240756399,1.7895259015978229
DO-13435,134,9,1300.0315,1,Champions,279.89512628694655,1.0,0.5420013982337871,1.084002796467579,2.198116781725922
DO-13645,27,7,1267.316,1,Champions,428.1547377825307,1.0,0.5674942301240641,1.134988460248126,2.301504377725367
DP-13000,127,9,1050.636,1,Champions,232.04145452670494,1.0,0.47209266247922477,0.9441853249584495,1.9145980200546298
DP-13105,7,8,2215.002,1,Champions,699.9130720990515,1.0,0.59794537490663,1.1958907498132427,2.4250006871212952
DP-13165,813,2,1058.616,0,Loyal Customers,14.517965479219258,0.9999999999849642,0.2070094446708626,0.4140188893417256,0.839538303387388
DP-13390,359,9,5480.723999999999,1,Champions,1291.4816918322854,0.9999999999999998,0.5167733213864893,1.0335466427729694,2.095802914511876
DR-12880,4,9,6528.034000000001,1,Champions,1783.700225053155,1.0,0.672163551991661,1.3443271039833204,2.7259966275217318
DR-12940,51,8,8350.868,1,Champions,1939.9956816807844,1.0,0.44732385217814796,0.8946477043562959,1.8141467338336013
DS-13030,94,4,1762.213,1,Champions,575.1249064284166,1.0,0.28463140756501987,0.5692628151300397,1.1543384862359145
DS-13180,24,9,2881.8128,1,Champions,641.899462450265,1.0,0.4992167662660199,0.9984335325320429,2.0246013298566408
DV-13045,20,5,1119.483,1,Champions,549.3989846095316,1.0,0.5215674462591909,1.0431348925183819,2.1152457542733867
DV-13465,30,6,3341.587,1,Champions,759.9322083475254,1.0,0.3746162105888579,0.7492324211777176,1.5192768540548238
DW-13195,70,6,1080.751,1,Champions,268.6792348047651,1.0,0.3469865568481624,0.693973113696323,1.4072232583286532
DW-13480,218,5,5271.628,1,Champions,471.4648691648249,1.0,0.32487607923733985,0.6497521584746817,1.3175529880181063
DW-13540,99,5,344.08,0,Loyal Customers,153.29861123032714,1.0,0.48004776810708344,0.9600955362141675,1.9468603928787274
DW-13585,243,7,1204.854,1,Champions,325.04408944188646,1.0,0.4349278125911629,0.869855625182337,1.7638739066197395
Dl-13600,120,5,755.602,0,Loyal Customers,209.81157947320972,1.0,0.3147965234393372,0.6295930468786757,1.2766747895039807
Dp-13240,85,11,7198.7609999999995,1,Champions,1609.7672443079582,1.0,0.5975049258499046,1.1950098516998091,2.4232144215023914
EA-14035,153,13,2846.705,1,Champions,648.745351913176,1.0,0.7293627064013133,1.4587254128026315,2.9579709759608845
EB-13705,49,9,3644.978,1,Champions,720.0613025169356,1.0,0.5175763609019943,1.035152721803987,2.0990596858803037
EB-13750,36,10,3236.314,1,Champions,865.9112275092984,1.0,0.6469692646847834,1.2939385293695669,2.6238197956660687
EB-13840,91,5,4358.128,1,Champions,1335.152832503113,1.0,0.3245461829577541,0.6490923659155062,1.316215075328666
EB-13870,101,10,2767.219,1,Champions,605.0656453767577,1.0,0.5460914073128684,1.0921828146257386,2.214704040768859
EB-13930,162,5,944.6000000000001,0,Loyal Customers,218.63438704248654,1.0,0.30634789830525866,0.6126957966105173,1.2424109209046599
EB-13975,1,4,1643.255,1,Champions,347.06104554084214,1.0,0.39638328368222053,0.792766567364442,1.6075544282667853
EB-14110,114,6,3071.126,1,Champions,786.3097947488625,1.0,0.44152958283323657,0.8830591656664722,1.7906477526014588
EB-14170,83,6,1186.326,1,Champions,112.79161587861913,1.0,0.39468966148255225,0.7893793229651054,1.6006858493459062
EC-14050,54,5,461.914,0,Loyal Customers,159.31027871684395,1.0,0.36143133199398575,0.7228626639879702,1.465804846420051
ED-13885,136,8,3484.92,1,Champions,895.3868420872119,1.0,0.47889580094100637,0.9577916018820141,1.9421885260385323
EG-13900,23,5,1832.02,1,Champions,685.5328090655175,1.0,0.441274506471045,0.8825490129420893,1.7896132762436814
EH-13765,136,12,10310.880000000001,1,Champions,2211.7139127690994,1.0,0.6290824878981239,1.25816497579625,2.551278978697921
EH-13945,218,8,684.1709999999999,1,Champions,155.32839891775575,1.0,0.4694987289876233,0.9389974579752439,1.9040781786720287
EH-13990,406,6,825.9499999999999,0,Loyal Customers,179.41901844363463,0.9999999999999998,0.34649193697104486,0.6929838739420888,1.4052172999381314
EH-14005,3,7,1219.53,1,Champions,213.5491226542937,1.0,0.41237754859035136,0.8247550971807027,1.6724200581719786
EH-14125,153,10,3082.653,1,Champions,690.7006588287911,1.0,0.5959923772620405,1.191984754524081,2.4170801966738313
EH-14185,106,6,923.884,1,Champions,209.57357326467573,1.0,0.3687437853282393,0.7374875706564786,1.4954609071645235
EJ-13720,303,4,2162.174,0,Loyal Customers,578.5073128708882,0.9999999999999998,0.2624600915330415,0.5249201830660826,1.0644214823284466
EJ-14155,58,5,2656.691,1,Champions,598.8620299442764,1.0,0.3106656667101944,0.6213313334203888,1.2599218705468984
EK-13795,45,4,1303.478,1,Champions,39.14167153603323,1.0,0.2688848587846863,0.5377697175693722,1.0904774828490051
EL-13735,78,2,124.28,0,Loyal Customers,53.40275112490146,0.9999999999983942,0.2892252271063907,0.5784504542127822,1.1729689765981426
EM-13810,133,5,2567.0099999999998,1,Champions,971.923796548089,1.0,0.40036879459647723,0.8007375891929491,1.6237178891968143
EM-13825,56,8,2339.598,1,Champions,638.8223458245969,1.0,0.5097738557378175,1.0195477114756364,2.0674161927144974
EM-13960,152,5,933.704,0,Loyal Customers,121.4450935308305,1.0,0.37094947123720845,0.7418989424744187,1.504406188906455
EM-14065,48,4,228.99,0,Loyal Customers,26.482485244722987,1.0,0.28656205345588676,0.5731241069117731,1.1621683279044301
EM-14095,114,4,1041.0420000000001,0,Loyal Customers,239.873675454834,1.0,0.35766301236552667,0.7153260247310529,1.4505222168157474
EM-14140,49,6,4588.436000000001,1,Champions,1316.6267771956993,1.0,0.3798854449229796,0.7597708898459601,1.5406465266320906
EM-14200,159,3,366.822,0,Loyal Customers,227.934444975374,0.9999999999999998,0.32787825121449893,0.6557565024289985,1.3297284632588025
EN-13780,288,4,2199.366,0,Loyal Customers,726.237549111646,0.9999999999999998,0.3422826767607809,0.6845653535215618,1.388146411307612
EP-13915,13,17,5478.0608,1,Champions,1029.8495777722262,1.0,0.8896025828698158,1.7792051657396315,3.6078326971942456
ER-13855,422,3,1245.788,0,Loyal Customers,746.2059201828991,0.9999999999999993,0.32811252276065134,0.6562250455213033,1.33067856452931
ES-14020,41,5,3510.4579999999996,1,Champions,1134.8248598314424,1.0,0.3442997165637033,0.6885994331274059,1.3963266282861295
ES-14080,29,9,4657.924,1,Champions,1037.6532793226863,1.0,0.5417075612560358,1.0834151225120903,2.196925109538407
FA-14230,98,7,2984.054,1,Champions,827.6692822121527,1.0,0.4410154182816719,0.8820308365633438,1.7885625296978946
FC-14245,71,7,3418.742,1,Champions,1108.4801544031436,1.0,0.515046418805755,1.03009283761151,2.088799365156671
FC-14335,185,7,3889.366,1,Champions,1021.1552225302016,1.0,0.4460581605192133,0.8921163210384278,1.8090136509945824
FG-14260,35,7,1383.144,1,Champions,177.3137282112167,1.0,0.4140449289525212,0.8280898579050413,1.6791822118630049
FH-14275,38,10,4256.272,1,Champions,862.1074839729188,1.0,0.5382652930104667,1.076530586020935,2.182964799431345
FH-14350,213,4,2271.284,0,Loyal Customers,519.7975754335724,0.9999999999999998,0.36142896399159624,0.7228579279831912,1.4657952428548056
FH-14365,6,8,6987.196,1,Champions,1760.1114205447357,1.0,0.49777303667744127,0.9955460733548825,2.0187462043029565
FM-14215,8,10,2456.638,1,Champions,374.28888965751014,1.0,0.5314370646927203,1.0628741293854425,2.1552725401426875
FM-14290,37,9,3736.198,1,Champions,892.1813354994024,1.0,0.5310551628502521,1.0621103257005027,2.153723716003804
FM-14380,146,9,2523.266,1,Champions,670.4584296035257,1.0,0.6398803827822583,1.2797607655645167,2.595070441283607
FO-14305,39,10,2678.438,1,Champions,289.92918937454317,1.0,0.5558452044441886,1.1116904088883754,2.254261106912543
FP-14320,24,8,4046.746,1,Champions,1113.7328297833405,1.0,0.5112069601286994,1.0224139202574067,2.0732282271886135
FW-14395,363,3,79.75,0,Loyal Customers,36.728282551777504,0.9999999999999996,0.2743931677034381,0.5487863354068766,1.1128167356861656
GA-14515,150,8,3919.7760000000003,1,Champions,969.4341549538353,1.0,0.45883673049421997,0.9176734609884386,1.8608378514487804
GA-14725,6,11,1398.382,1,Champions,186.49017546432785,1.0,0.5675946640953753,1.1351893281907466,2.3019116932756836
GB-14530,63,11,1568.44,1,Champions,303.01988310836487,1.0,0.589146397342433,1.178292794684868,2.3893159447776506
GB-14575,14,5,4716.288,1,Champions,1769.0211473492022,1.0,0.40162657797403783,0.8032531559480717,1.6288188995613755
GD-14590,6,4,1888.07,1,Champions,643.52370534743,1.0,0.27535567992483767,0.5507113598496745,1.1167202574729516
GG-14650,44,9,2224.0,1,Champions,317.6224648516866,1.0,0.5503602503480399,1.1007205006960799,2.23201657085594
GH-14410,76,9,2819.4669999999996,1,Champions,672.9023971309415,1.0,0.5178445956424347,1.0356891912848725,2.1001475267721035
GH-14425,51,4,4172.8460000000005,1,Champions,317.1339011257147,1.0,0.2814227565394598,0.5628455130789192,1.1413256237433616
GH-14485,388,2,1361.2440000000001,0,Loyal Customers,1256.8647506384177,0.9999999999956584,0.25055888350306094,0.5011177670061215,1.0161554719846364
GH-14665,3,2,146.94080000000002,0,Loyal Customers,115.56394616982374,0.9999999999987488,0.25755009457387035,0.5151001891477407,1.044508716882918
GK-14620,113,9,6497.27,1,Champions,1491.1369149230966,1.0,0.5141144274087999,1.0282288548175997,2.0850196222690225
GM-14440,84,7,3582.8199999999997,1,Champions,828.359545625959,1.0,0.40166153301024266,0.8033230660204875,1.6289606616526535
GM-14455,17,6,3078.624,1,Champions,635.3428924003834,1.0,0.36125406101064805,0.7225081220212872,1.465085914098721
GM-14500,107,10,1255.682,1,Champions,302.2588086769464,1.0,0.5737042494983893,1.1474084989967785,2.326689456299025
GM-14680,153,6,3163.628,1,Champions,388.34900663331194,1.0,0.36651971852266124,0.7330394370453314,1.4864410806752542
GM-14695,118,3,6049.966,1,Champions,780.5767664157431,0.9999999999999998,0.2268214656660367,0.4536429313320734,0.9198870552011489
GP-14740,766,2,236.53,0,Loyal Customers,142.1996439087045,0.9999999999912716,0.18245759322470032,0.3649151864494007,0.7399669058557302
GR-14560,1136,2,1284.38,0,Loyal Customers,18.337705766948243,0.9999999999250537,0.20551151788470204,0.4110230357694041,0.8334633780879583
GT-14635,57,3,9351.212,1,Champions,3652.984880409399,0.9999999999999998,0.2339870530645091,0.4679741061290182,0.9489474929838424
GT-14710,37,11,11820.119999999999,1,Champions,2673.0164501750123,1.0,0.5510645022749071,1.1021290045498142,2.23487270367044
GT-14755,35,4,226.436,0,Loyal Customers,56.912049814012086,1.0,0.32201341067631145,0.6440268213526225,1.3059432766317076
GW-14605,29,7,2189.019,1,Champions,421.174298798956,1.0,0.3977610827947583,0.7955221655895166,1.6131421691120869
GZ-14470,8,9,4355.150000000001,1,Champions,958.1011037116441,1.0,0.5251935189369701,1.0503870378739277,2.129951493466597
GZ-14545,158,4,2454.6220000000003,1,Champions,907.2853012941393,1.0,0.29710332188432637,0.5942066437686527,1.2049190276419905
HA-14905,70,7,2163.3,1,Champions,488.18514522072536,1.0,0.42258825731681093,0.8451765146336208,1.713830154673735
HA-14920,21,8,2584.158,1,Champions,567.4805412313937,1.0,0.49533239448549143,0.9906647889709829,2.00884804430227
HD-14785,770,3,251.36,0,Loyal Customers,61.288069191523945,0.9999999999999987,0.23092772965864525,0.46185545931729005,0.9365402369489493
HE-14800,13,4,883.5319999999999,0,Loyal Customers,376.00517603968115,1.0,0.403963624119396,0.807927248238792,1.6382969200397717
HF-14995,22,7,2533.1639999999998,1,Champions,604.5387931416122,1.0,0.415093906142727,0.8301878122854529,1.6834363971343937
HG-14845,55,5,785.628,1,Champions,219.1054041141913,1.0,0.31951713777053975,0.6390342755410795,1.2958195031805217
HG-14965,24,12,3247.642,1,Champions,759.5842744118944,1.0,0.6836360757231097,1.3672721514462194,2.772524084877056
HG-15025,7,7,3690.284,1,Champions,476.71729377567874,1.0,0.44703178637368846,0.8940635727473769,1.8129622447377405
HH-15010,73,2,218.668,0,Loyal Customers,80.1164195613908,0.9999999999985396,0.19654087026726158,0.39308174053452316,0.7970824183061158
HJ-14875,127,5,358.1,0,Loyal Customers,103.2271217931609,1.0,0.38703581405795456,0.7740716281159078,1.5696452459017025
HK-14890,152,8,4877.784,1,Champions,1098.3493851960952,1.0,0.46422498409965296,0.9284499681993059,1.882690213293035
HL-15040,44,6,12873.297999999999,1,Champions,2889.5460798547915,1.0,0.3473170887064945,0.694634177412989,1.4085637486430043
HM-14860,3,10,8236.7648,1,Champions,1838.1586818264318,1.0,0.5210852342756388,1.0421704685512994,2.1132901167845732
HM-14980,248,4,736.276,0,Loyal Customers,82.99787656487314,0.9999999999999998,0.3712001864655924,0.7424003729311848,1.5054229784437905
HP-14815,31,7,1990.314,1,Champions,480.15047196069236,1.0,0.4109295682773223,0.8218591365546435,1.6665476935691457
HR-14770,14,5,1299.288,1,Champions,382.1903465085742,1.0,0.3103639858502965,0.6207279717005924,1.2586983870595396
HR-14830,160,7,5248.787,1,Champions,1303.5871881525718,1.0,0.4572621176604326,0.9145242353208675,1.8544519216228574
HW-14935,118,8,9300.254,1,Champions,3054.7393623463086,1.0,0.6124452680222582,1.2248905360445177,2.4838058092013955
HZ-14950,36,5,886.52,1,Champions,401.5454141585052,1.0,0.4858861450943169,0.9717722901886384,1.97053825510473
IG-15085,72,4,744.574,0,Loyal Customers,262.2148472248398,1.0,0.3003529009317644,0.6007058018635262,1.2180978760010392
IL-15100,143,7,5040.736,1,Champions,1358.2324819359615,1.0,0.42968102593151186,0.8593620518630237,1.7425952718333524
IM-15055,410,3,2872.63,0,Loyal Customers,1185.019337468694,0.9999999999999996,0.21903198825732528,0.4380639765146501,0.8882963968213738
IM-15070,391,7,4930.474,1,Champions,862.6388100735114,0.9999999999999998,0.4637331804785329,0.9274663609570669,1.8806956763851628
JA-15970,93,8,6491.026,1,Champions,1626.9074220678408,1.0,0.48893951356353493,0.9778790271270712,1.9829213605632274
JB-15400,8,10,1791.605,1,Champions,436.5945196082937,1.0,0.5364724493428957,1.0729448986857884,2.17569382233507
JB-15925,738,3,900.552,0,Loyal Customers,324.1711806235696,0.9999999999999982,0.25790398066693543,0.5158079613338713,1.0459439215936834
JB-16000,44,7,644.1188,1,Champions,234.8287053166486,1.0,0.5938211022329531,1.1876422044658952,2.4082744701669534
JB-16045,8,5,2518.115,1,Champions,689.3042572094632,1.0,0.3917801646587669,0.7835603293175332,1.588886223338331
JC-15340,115,4,71.263,0,Loyal Customers,25.687441782506486,1.0,0.26258557656188847,0.5251711531237756,1.0649303938343235
JC-15385,176,1,1058.108,0,Loyal Customers,,,,,
JC-15775,159,9,2772.055,1,Champions,664.7212319044038,1.0,0.5364724493428957,1.0729448986857884,2.17569382233507
JC-16105,58,5,858.576,1,Champions,269.2791980851636,1.0,0.35560038359481466,0.7112007671896307,1.4421571112456375
JD-15790,118,5,2152.352,1,Champions,759.31691950056,1.0,0.38447507567340267,0.768950151346804,1.5592600291199152
JD-15895,395,11,7610.8640000000005,1,Champions,1647.468029349566,0.9999999999999998,0.5795906292408867,1.1591812584817773,2.350561996365821
JD-16015,113,6,385.43,0,Loyal Customers,109.41266512676782,1.0,0.39576069470609415,0.7915213894121883,1.6050294840858237
JD-16060,301,3,695.442,0,Loyal Customers,232.8762061773899,0.9999999999999998,0.24788053380608377,0.4957610676121673,1.0052932759913398
JD-16150,42,8,8828.0305,1,Champions,2204.415991879008,1.0,0.5052414371845089,1.0104828743690177,2.0490347174705046
JE-15475,194,6,1388.682,1,Champions,401.991675763284,1.0,0.4341688504500817,0.8683377009001634,1.7607958934919963
JE-15610,49,7,7754.976,1,Champions,2098.7243180457485,1.0,0.44703178637368846,0.8940635727473769,1.8129622447377405
JE-15715,47,10,8697.842999999999,1,Champions,2165.835309024373,1.0,0.5307730715709583,1.0615461431419182,2.152579679148889
JE-15745,52,13,6760.8150000000005,1,Champions,1438.634569123894,1.0,0.6982632541190851,1.3965265082381702,2.8318454194829945
JE-16165,21,3,2697.248,1,Champions,41.283977608348145,0.9999999999999998,0.43752869558518404,0.8750573911703681,1.7744219320954682
JF-15190,66,7,2279.5860000000002,1,Champions,551.007508656222,1.0,0.45497652446584175,0.9099530489316813,1.8451825714447971
JF-15295,226,5,955.124,0,Loyal Customers,202.11824361798062,1.0,0.31233545113991873,0.6246709022798388,1.2666937740674482
JF-15355,106,6,1911.844,1,Champions,179.29519443581694,1.0,0.49995358917007077,0.9999071783401398,2.0275895560786177
JF-15415,3,6,2371.448,1,Champions,654.0983347205085,1.0,0.3736564264799199,0.747312852959839,1.5153843962796676
JF-15490,122,11,1082.918,1,Champions,262.10077226477455,1.0,0.6452382323255547,1.2904764646511073,2.6167994977647417
JF-15565,55,8,4198.332,1,Champions,993.0159629820831,1.0,0.49533239448549143,0.9906647889709829,2.00884804430227
JG-15115,759,3,2358.676,0,Loyal Customers,151.88199938860677,0.9999999999999984,0.24747977090613324,0.49495954181226803,1.0036679597859892
JG-15160,2,11,6366.392,1,Champions,1458.4225603384211,1.0,0.5530230319807232,1.1060460639614482,2.2428156296996007
JG-15310,3,6,2240.58,1,Champions,682.221049381256,1.0,0.5497015283143332,1.0994030566286663,2.229345087052565
JG-15805,224,6,1507.018,1,Champions,384.7466477559213,1.0,0.36018344861233825,0.7203668972246747,1.4607439860389224
JH-15430,6,4,309.281,0,Loyal Customers,88.59189704296509,1.0,0.2660196223025238,0.5320392446050471,1.0788573571157931
JH-15820,175,6,528.91,0,Loyal Customers,133.82659793743593,1.0,0.3681852419991564,0.7363704839983137,1.4931957036632453
JH-15910,42,7,959.477,1,Champions,295.4663296561847,1.0,0.5147228087577232,1.029445617515441,2.0874869466285486
JH-15985,30,6,7954.9980000000005,1,Champions,1711.4652999513262,1.0,0.3840873523836252,0.7681747047672512,1.5576875957780374
JH-16180,405,4,2256.3940000000002,0,Loyal Customers,612.1507395330134,0.9999999999999998,0.3412193997836154,0.6824387995672299,1.3838342324557722
JJ-15445,484,5,709.178,0,Loyal Customers,254.40564026277474,0.9999999999999996,0.37810720323887437,0.7562144064777487,1.5334347686909866
JJ-15760,754,2,195.0,0,Loyal Customers,125.66229773228366,0.9999999999767908,0.2500498123352213,0.5000996246704427,1.0140909055817315
JK-15205,62,5,4427.142,1,Champions,1338.4876580320865,1.0,0.331617768011174,0.6632355360223486,1.3448942813786513
JK-15325,288,3,383.812,0,Loyal Customers,60.56543714948375,0.9999999999999998,0.2558919856850587,0.5117839713701172,1.0377841641671826
JK-15370,45,8,2709.632,1,Champions,480.58483860779495,1.0,0.45042632051599574,0.9008526410319728,1.8267289665370592
JK-15625,62,7,3760.028,1,Champions,783.466759968977,1.0,0.4161482119718251,0.8322964239436513,1.6877121929968384
JK-15640,181,9,4760.434,1,Champions,1206.3421264985868,1.0,0.5379164700254726,1.0758329400509483,2.1815501284366503
JK-15730,85,10,4867.2,1,Champions,954.796945170002,1.0,0.6059390392975632,1.2118780785951317,2.4574194371512315
JK-16090,29,3,3747.668,1,Champions,1523.3484717124338,0.9999999999999998,0.2794016676069456,0.5588033352138915,1.1331289852948359
JK-16120,118,10,2932.484,1,Champions,538.167477056631,1.0,0.6005932012663061,1.201186402532607,2.4357390940244494
JL-15130,9,6,1214.956,1,Champions,347.05806600891015,1.0,0.3796876461245126,0.7593752922490252,1.5398443426160793
JL-15175,7,5,1571.523,1,Champions,380.5602936148044,1.0,0.36431525975549256,0.7286305195109845,1.4775007756750547
JL-15235,120,5,2203.7,1,Champions,644.966095481572,1.0,0.32372436603438143,0.6474487320687635,1.3128821511394344
JL-15505,50,6,3173.874,1,Champions,965.215541385324,1.0,0.4047674131346851,0.809534826269372,1.6415567310462247
JL-15835,22,11,9799.923,1,Champions,2092.4151815719124,1.0,0.5862176010870858,1.1724352021741755,2.37743804885319
JL-15850,615,6,2725.256,0,Loyal Customers,777.7962235987189,0.9999999999999993,0.3804800797765649,0.7609601595531289,1.5430581013160682
JM-15250,38,6,3159.1220000000003,1,Champions,1130.0659245806928,1.0,0.5606907829718702,1.1213815659437423,2.2739126198303667
JM-15265,38,5,1804.146,1,Champions,525.4735055961579,1.0,0.3395446123639781,0.6790892247279575,1.3770420390316902
JM-15535,103,7,1733.443,1,Champions,407.6726559412592,1.0,0.43959550937499575,0.8791910187499915,1.7828040102430374
JM-15580,1,5,303.948,0,Loyal Customers,135.87253816370483,1.0,0.4976118816370529,0.9952237632741058,2.0180926310836047
JM-15655,9,5,864.947,1,Champions,255.01827122241465,1.0,0.31619799642809576,0.6323959928561915,1.2823585410695006
JM-15865,110,7,7625.076000000001,1,Champions,884.2413339958521,1.0,0.4559895165483306,0.9119790330966601,1.8492908171126736
JM-16195,58,10,2833.9260000000004,1,Champions,419.8609916668318,1.0,0.5447258817774057,1.0894517635548113,2.2091660760972567
JO-15145,58,9,3254.949,1,Champions,723.6632833841072,1.0,0.47276275211570434,0.9455255042314087,1.9173156058025822
JO-15280,93,6,1934.272,1,Champions,527.0031168404778,1.0,0.3592961071066221,0.7185922142132442,1.4571453232657448
JO-15550,216,5,1090.838,0,Loyal Customers,233.1855994980947,1.0,0.38126455229271783,0.7625291045854357,1.5462395731871343
JP-15460,38,7,1669.135,1,Champions,451.7911855360974,1.0,0.4349278125911629,0.869855625182337,1.7638739066197395
JP-15520,9,7,3635.594,1,Champions,993.1024672543317,1.0,0.4344664889902473,0.8689329779804924,1.762002983127111
JP-16135,103,9,1707.71,1,Champions,431.1660213516625,1.0,0.5390772957349826,1.0781545914699684,2.186257921591882
JR-15670,594,2,1156.658,0,Loyal Customers,574.6411830254456,0.9999999999879889,0.26437351750724086,0.5287470350144814,1.072181487668253
JR-15700,69,1,863.88,0,Loyal Customers,,,,,
JR-16210,34,5,2201.686,1,Champions,604.3379157975428,1.0,0.427979234359925,0.8559584687198527,1.7356935615708107
JS-15595,120,4,1417.654,0,Loyal Customers,359.13122824088356,1.0,0.2669246422540204,0.5338492845080404,1.0825277158079711
JS-15685,43,4,1131.0639999999999,1,Champions,455.69701096401957,1.0,0.44886442946404387,0.8977288589280922,1.8203946306041872
JS-15880,535,5,3868.02,0,Loyal Customers,1107.0616423658878,0.9999999999999998,0.3161979964280957,0.6323959928561914,1.2823585410695004
JS-15940,464,5,469.169,0,Loyal Customers,138.449680482817,0.9999999999999998,0.3201572714829408,0.640314542965881,1.2984156010141483
JS-16030,29,6,2516.494,1,Champions,669.277686560806,1.0,0.35371904523710906,0.7074380904742181,1.4345272390171637
JW-15220,43,6,7721.714,1,Champions,2508.4923179880448,1.0,0.4461216321011357,0.8922432642022803,1.8092710635212903
JW-15955,6,7,1244.086,1,Champions,306.17073000422926,1.0,0.5366393226715578,1.0732786453431145,2.176370586390205
JW-16075,462,4,1428.731,0,Loyal Customers,69.77643187259328,0.9999999999999996,0.3279746100715144,0.6559492201430288,1.3301192519566964
KA-16525,37,7,1519.506,1,Champions,356.7872102568733,1.0,0.3997017925900848,0.7994035851801707,1.6210128255042282
KB-16240,5,7,3152.6150000000002,1,Champions,857.0853825265846,1.0,0.3592961071066221,0.7185922142132442,1.4571453232657448
KB-16315,297,9,1569.464,1,Champions,386.9628426424632,1.0,0.5310551628502521,1.0621103257005027,2.153723716003804
KB-16405,118,3,908.821,0,Loyal Customers,466.63443094757235,0.9999999999999998,0.3210024030766669,0.6420048061533338,1.301843079144261
KB-16585,231,12,2744.742,1,Champions,512.0940376845599,1.0,0.626597916946739,1.253195833893478,2.541202663172907
KB-16600,2,7,983.922,1,Champions,288.560421132007,1.0,0.4666388348124404,0.9332776696248819,1.8924797189615665
KC-16255,408,6,2120.954,0,Loyal Customers,593.228582405685,0.9999999999999998,0.3902539137343927,0.7805078274687854,1.582696427922816
KC-16540,98,4,3908.262,1,Champions,1661.4325856836106,1.0,0.379144052263365,0.7582881045267305,1.5376397675125366
KC-16675,58,4,1146.05,0,Loyal Customers,447.4865816314807,1.0,0.3098418407821466,0.6196836815642932,1.2565807987275959
KD-16270,485,5,8282.358,1,Champions,2226.349684310798,0.9999999999999996,0.3542209914885554,0.7084419829771108,1.436562909925809
KD-16345,42,6,1888.964,1,Champions,536.1877850726596,1.0,0.38900481140369864,0.7780096228073946,1.577630624026107
KD-16495,113,12,8181.256,1,Champions,1898.1154399500258,1.0,0.6865946347526383,1.3731892695052788,2.7845226853856957
KD-16615,290,5,2243.5099999999998,1,Champions,369.64343970978297,0.9999999999999998,0.426551270805485,0.8531025416109693,1.7299023760444667
KE-16420,27,8,1686.7312,1,Champions,353.3398486743864,1.0,0.4486482326657707,0.8972964653315401,1.819517832477846
KF-16285,98,7,10604.266,1,Champions,2783.973056082453,1.0,0.4426836158135306,0.8853672316270623,1.7953279974659848
KH-16330,41,8,3312.864,1,Champions,783.8845425837219,1.0,0.448205902015634,0.8964118040312666,1.8177239359522912
KH-16360,2,6,3100.612,1,Champions,850.2223596874154,1.0,0.3645044293672824,0.7290088587345648,1.4782679635450875
KH-16510,23,7,5952.859,1,Champions,1613.2954324523291,1.0,0.43285953469323385,0.8657190693864688,1.7554858907003397
KH-16630,59,9,3918.9660000000003,1,Champions,747.6241951996013,1.0,0.5506635518319656,1.1013271036639312,2.2332466268740836
KH-16690,3,7,5990.799,1,Champions,563.1141850193661,1.0,0.40166153301024266,0.8033230660204875,1.6289606616526535
KL-16555,17,8,5016.488,1,Champions,1031.9866733568167,1.0,0.46541313240660026,0.9308262648131979,1.8875088147600965
KL-16645,48,12,14175.229000000001,1,Champions,1330.4894761738108,1.0,0.6632723792848583,1.3265447585697143,2.689937982655258
KM-16225,15,6,2260.958,1,Champions,482.6210196798028,1.0,0.4651895175031723,0.9303790350063446,1.8866019320962002
KM-16375,57,8,5620.186,1,Champions,1093.9534360805924,1.0,0.47390357178470666,0.9478071435694146,1.9219422633490988
KM-16660,16,5,453.538,0,Loyal Customers,154.74483883042083,1.0,0.36245604992785707,0.7249120998557141,1.4699606469296467
KM-16720,29,8,4909.472,1,Champions,1173.5255474785424,1.0,0.4477644427104771,0.8955288854209542,1.815933573214716
KN-16390,20,9,2617.272,1,Champions,661.1983084352448,1.0,0.5602345909151256,1.1204691818302543,2.272062507600244
KN-16450,53,5,2171.962,1,Champions,102.38148018012241,1.0,0.31682488676364,0.6336497735272794,1.2849009296525356
KN-16705,99,8,2280.58,1,Champions,533.1394101116454,1.0,0.4416740814476237,0.8833481628952488,1.791233774759813
KS-16300,296,3,88.472,0,Loyal Customers,44.559170370221096,0.9999999999999998,0.2636793926533324,0.527358785306665,1.0693664257607376
KT-16465,392,7,3057.1,1,Champions,523.5110054812097,0.9999999999999998,0.4384192176359511,0.8768384352719011,1.7780334937457984
KT-16480,101,10,4642.088400000001,1,Champions,873.5754897518347,1.0,0.5311778985260636,1.0623557970521307,2.1542214773557053
KW-16435,97,5,4416.5199999999995,1,Champions,269.90551240236346,1.0,0.4209334503350816,0.8418669006701626,1.707118993025608
KW-16570,772,4,449.096,0,Loyal Customers,146.4718503571266,0.9999999999999984,0.2974251121549204,0.5948502243098364,1.2062240659616124
LA-16780,155,11,8673.222,1,Champions,1779.071555910633,1.0,0.5894408873509953,1.1788817747019906,2.390510265367923
LB-16735,49,3,50.188,0,Loyal Customers,28.710769882985883,0.9999999999999998,0.3883209838559159,0.7766419677118314,1.5748573234156582
LB-16795,153,8,4985.676,1,Champions,1073.7514999314947,1.0,0.45312003634720177,0.9062400726944035,1.8376534807414295
LC-16870,28,8,2580.7039999999997,1,Champions,638.7914057389557,1.0,0.5572654525432097,1.1145309050864207,2.260021001980798
LC-16885,17,12,7663.126,1,Champions,1595.9032016679682,1.0,0.6331622121448137,1.2663244242896052,2.5678245270317386
LC-16930,42,8,4492.946,1,Champions,1045.6389914966974,1.0,0.4395389100304516,0.8790778200609018,1.7825744684568274
LC-16960,437,4,3246.626,0,Loyal Customers,1312.679050319311,0.9999999999999996,0.3229601942892315,0.645920388578463,1.3097830101729941
LC-17050,55,5,2095.064,1,Champions,524.6458919944857,1.0,0.306054540998583,0.6121090819971646,1.241221194049808
LC-17140,14,9,2633.582,1,Champions,631.5551678157027,1.0,0.48684506643281733,0.9736901328656333,1.974427213866424
LD-16855,553,1,5.304,0,Loyal Customers,,,,,
LD-17005,415,4,1961.934,0,Loyal Customers,136.1583719323918,0.9999999999999998,0.29726412993465545,0.5945282598693105,1.2055711936238798
LE-16810,22,6,1469.45,1,Champions,407.9179730144526,1.0,0.36967846628815254,0.7393569325763069,1.499251557724177
LF-17185,23,7,3930.5089999999996,1,Champions,345.53082278260405,1.0,0.4283330528242196,0.8566661056484369,1.7371284920093308
LH-16750,152,3,287.426,0,Loyal Customers,137.06126662806028,0.9999999999999998,0.24747977090613357,0.4949595418122687,1.0036679597859905
LH-16900,22,9,2295.332,1,Champions,415.0240861925512,1.0,0.5290867973535487,1.0581735947070958,2.145740900378259
LH-17020,240,4,318.239,0,Loyal Customers,102.87478618243819,0.9999999999999998,0.29392330593127725,0.5878466118625545,1.192022296276846
LH-17155,386,9,1739.689,1,Champions,455.84439363333513,0.9999999999999998,0.5633933959097542,1.1267867918195054,2.2848732167451096
LL-16840,250,6,2741.2039999999997,1,Champions,752.0481220236057,1.0,0.3645044293672824,0.7290088587345648,1.4782679635450875
LM-17065,392,5,1346.774,0,Loyal Customers,230.39969766646362,0.9999999999999998,0.32922657904453567,0.6584531580890707,1.3351966816806147
LO-17170,3,5,644.35,1,Champions,168.01014874079817,1.0,0.3721633847392423,0.7443267694784853,1.5093292825535944
LP-17080,41,4,756.606,0,Loyal Customers,271.9159076615358,1.0,0.2824358156650703,0.5648716313301411,1.1454341413083424
LP-17095,10,7,3653.399,1,Champions,1301.675432213359,1.0,0.6651819518330249,1.3303639036660497,2.697682360211709
LR-16915,27,6,5142.892,1,Champions,899.0338971396242,1.0,0.3838851548505387,0.7677703097010774,1.5568675724494079
LR-17035,133,5,1879.306,1,Champions,567.7134202780899,1.0,0.34190563218083847,0.6838112643616776,1.3866172860667352
LS-16945,179,6,2845.27,1,Champions,951.2620058854866,1.0,0.4447611442942233,0.8895222885884466,1.8037535296376825
LS-16975,21,9,2988.674,1,Champions,550.1116708875722,1.0,0.547045852651556,1.0940917053031136,2.218574846864645
LS-17200,97,6,1010.2560000000001,1,Champions,124.91490462963337,1.0,0.3987907482147956,0.7975814964295823,1.617318034426651
LS-17230,778,3,368.88000000000005,0,Loyal Customers,148.69072950311676,0.9999999999999989,0.21727025211954176,0.43454050423908375,0.8811515780403644
LS-17245,35,6,1008.1360000000001,1,Champions,247.70565645715743,1.0,0.39835504584626424,0.7967100916925276,1.6155510192654028
LT-16765,27,3,329.876,0,Loyal Customers,133.30707264143214,0.9999999999999998,0.24484078186680028,0.4896815637335992,0.9929653931264651
LT-17110,35,8,2936.252,1,Champions,507.8859584637362,1.0,0.462101534605115,0.9242030692102287,1.874078445898527
LW-16825,89,5,2238.061,1,Champions,454.60395539840823,1.0,0.3245461829577541,0.6490923659155062,1.316215075328666
LW-16990,34,6,3230.308,1,Champions,674.5701998565323,1.0,0.5771090593088573,1.1542181186177127,2.340497851641485
LW-17125,206,3,1259.04,0,Loyal Customers,534.6468326703487,0.9999999999999998,0.24615320349146944,0.4923064069829391,0.9982879919376265
LW-17215,22,7,5420.514,1,Champions,454.19734676197356,1.0,0.439359746333919,0.8787194926678369,1.7818478601320038
MA-17560,65,11,4299.161,1,Champions,747.324743423467,1.0,0.6207814997166295,1.241562999433255,2.5176138599618842
MA-17995,187,6,2453.284,1,Champions,711.1931015354918,1.0,0.39277633930076117,0.7855526786015223,1.5929262649419773
MB-17305,49,10,1548.702,1,Champions,321.6782079057732,1.0,0.5734022307434095,1.1468044614868207,2.3254646024593892
MB-18085,45,7,1428.231,1,Champions,345.3595732152049,1.0,0.38741528600595015,0.7748305720119014,1.571184215468577
MC-17275,77,8,2725.982,1,Champions,252.59440123499473,1.0,0.48658452153750936,0.9731690430750174,1.973370559568783
MC-17425,400,5,4432.138,1,Champions,1141.2729581457872,0.9999999999999998,0.32454618295775406,0.6490923659155061,1.3162150753286659
MC-17575,28,8,1303.893,1,Champions,359.8397907300276,1.0,0.5097738557378175,1.0195477114756364,2.0674161927144974
MC-17590,52,6,2426.067,1,Champions,647.1235439385222,1.0,0.368371235005796,0.7367424700115911,1.4939500086346151
MC-17605,113,8,2258.192,1,Champions,402.0696244297682,1.0,0.4453518773872311,0.8907037547744528,1.8061492805148824
MC-17635,190,4,795.154,0,Loyal Customers,287.5735653942467,0.9999999999999998,0.3072418639028212,0.6144837278056438,1.24603644805033
MC-17845,2,7,3805.714,1,Champions,878.9331369409157,1.0,0.4236810270510569,0.8473620541021061,1.7182619430403936
MC-18100,42,10,2218.98,1,Champions,487.90236870924286,1.0,0.5584099007746174,1.116819801549233,2.2646623753637205
MC-18130,370,5,1581.9979999999998,0,Loyal Customers,487.5114458366844,0.9999999999999998,0.3441143665378686,0.6882287330757385,1.3955749309591354
MD-17350,118,7,3766.382,1,Champions,653.7556829007269,1.0,0.45246362639189336,0.9049272527837878,1.834991373700457
MD-17860,37,5,1204.91,1,Champions,372.52627842914984,1.0,0.3583916502058966,0.7167833004117932,1.4534772480572518
ME-17320,43,10,10663.728000000001,1,Champions,1357.5117677003698,1.0,0.5153448354483995,1.030689670896799,2.090009610429621
ME-17725,29,8,1908.4532,1,Champions,472.1234144285895,1.0,0.47193570222484416,0.9438714044496856,1.9139614590229845
ME-18010,93,4,1256.944,0,Loyal Customers,33.80210601376451,1.0,0.2864126128597011,0.5728252257194053,1.1615622632643494
MF-17665,422,5,937.039,0,Loyal Customers,135.93816225487168,0.9999999999999998,0.364107739518744,0.7282154790374866,1.476659165826014
MF-18250,8,5,1758.3,1,Champions,539.9516064298772,1.0,0.34337495777008287,0.6867499155401644,1.3925762176231111
MG-17650,30,7,3785.276,1,Champions,673.7140217668049,1.0,0.4314915766623171,0.8629831533246319,1.749938060908283
MG-17680,93,4,2350.188,1,Champions,861.4241312460624,1.0,0.30101136561707553,0.6020227312341511,1.220768316113695
MG-17695,556,3,1342.282,0,Loyal Customers,492.1426551469719,0.9999999999999991,0.2609820048736753,0.5219640097473501,1.0584270197654602
MG-17875,117,5,1242.8329999999999,1,Champions,362.9895814367041,1.0,0.3094624485298018,0.618924897059607,1.255042152370864
MG-17890,100,9,776.384,1,Champions,208.23668510068904,1.0,0.5688459056963385,1.137691811392674,2.3069861731018158
MG-18145,85,4,3061.543,1,Champions,744.4330134325357,1.0,0.27034074795358926,0.5406814959071785,1.0963819222562228
MG-18205,265,1,16.739,0,Loyal Customers,,,,,
MH-17290,120,6,2394.025,1,Champions,651.018532406726,1.0,0.36395864557669144,0.7279172911533838,1.4760545070610285
MH-17440,377,4,400.016,0,Loyal Customers,130.70955052500273,0.9999999999999998,0.26346734280846357,0.5269346856169271,1.0685064458343254
MH-17455,86,8,2456.1820000000002,1,Champions,608.9630506395808,1.0,0.47169086705314156,0.9433817341062845,1.9129685163821895
MH-17620,156,4,1252.8,0,Loyal Customers,596.926269146532,0.9999999999999998,0.38798275195130777,0.775965503902616,1.5734856051358603
MH-17785,99,7,2203.7780000000002,1,Champions,335.94573406261844,1.0,0.41530433972077485,0.8306086794415486,1.6842898222009233
MH-18025,50,5,2984.948,1,Champions,916.8750255011764,1.0,0.33110245082908574,0.6622049016581708,1.342804383917955
MH-18115,6,9,5503.093,1,Champions,1670.2317087451438,1.0,0.866197236425041,1.732394472850085,3.5129110143904425
MJ-17740,23,7,6320.746,1,Champions,1986.947890300359,1.0,0.5137544139615984,1.0275088279231956,2.0835595677331473
MK-17905,29,8,2302.368,1,Champions,522.5197768019752,1.0,0.5058035770164638,1.0116071540329303,2.0513145067889957
MK-18160,241,4,1031.602,0,Loyal Customers,309.7782908740879,0.9999999999999998,0.3108941943997008,0.6217883887994025,1.2608486772876761
ML-17395,70,9,2722.843,1,Champions,492.4698781637337,1.0,0.4816502767450523,0.9633005534901108,1.9533594556882858
ML-17410,55,6,2921.5,1,Champions,627.7129231369262,1.0,0.4047674131346851,0.809534826269372,1.6415567310462247
ML-17755,30,7,2071.9139999999998,1,Champions,844.2248487386369,1.0,0.6986519393492685,1.3973038786985348,2.833421754027599
ML-18040,80,3,742.082,0,Loyal Customers,643.8102011887187,0.9999999999999998,0.4892733125007803,0.9785466250015609,1.9842751006976087
ML-18265,101,2,162.232,0,Loyal Customers,144.17066422867185,0.9999999999983797,0.23024623305740427,0.4604924661148086,0.9337763896216964
MM-17260,169,4,1314.023,0,Loyal Customers,417.5860513661192,1.0,0.27856794059624335,0.5571358811924862,1.1297477590847642
MM-17920,8,11,3794.0800000000004,1,Champions,792.6356679201019,1.0,0.5597808793630014,1.1195617587259987,2.270222455194394
MM-18055,62,8,2749.881,1,Champions,569.6310182070087,1.0,0.45042632051599574,0.9008526410319728,1.8267289665370592
MM-18280,86,9,775.414,1,Champions,160.90629386438428,1.0,0.47591515682840513,0.9518303136568103,1.9301003582485348
MN-17935,35,6,2477.946,1,Champions,658.255710187488,1.0,0.35184170506206436,0.7036834101241296,1.4269135816405953
MO-17500,73,4,922.487,0,Loyal Customers,355.1167605502639,1.0,0.30724186390282127,0.6144837278056439,1.2460364480503303
MO-17800,105,8,1687.0269999999998,1,Champions,545.0325967501553,1.0,0.6083474517529731,1.2166949035059276,2.467186887664806
MO-17950,181,2,154.288,0,Loyal Customers,29.28616700627964,0.9999999999980094,0.22207540789594987,0.4441508157919007,0.9006391542446877
MP-17470,720,7,3206.132,0,Loyal Customers,634.0311731715719,0.9999999999999989,0.4034418029534293,0.8068836059068608,1.636180645311134
MP-17965,73,9,3983.6420000000003,1,Champions,985.1934218779232,1.0,0.6068480802126862,1.2136961604253693,2.461106103084777
MP-18175,17,9,5087.92,1,Champions,1103.0725215097,1.0,0.49160287941579367,0.9832057588315889,1.9937227887418294
MR-17545,126,4,639.178,0,Loyal Customers,237.49437234649463,1.0,0.2931389101151066,0.5862778202302141,1.1888411354668222
MS-17365,274,10,7443.6900000000005,1,Champions,1792.7248425067996,1.0,0.5832272550960176,1.1664545101920352,2.365310534556072
MS-17530,435,4,475.65599999999995,0,Loyal Customers,172.4369712209919,0.9999999999999998,0.30317145802428863,0.6063429160485777,1.2295286908762828
MS-17710,414,6,1613.402,0,Loyal Customers,427.7773939484685,0.9999999999999998,0.3580611488423084,0.7161222976846177,1.4521368814160305
MS-17770,122,9,3144.678,1,Champions,757.8207360962082,1.0,0.5165061950157529,1.0330123900315074,2.094719568675008
MS-17830,453,4,370.348,0,Loyal Customers,111.6967383924404,0.9999999999999998,0.26022169484873514,0.5204433896974734,1.0553435402198768
MS-17980,27,6,855.116,1,Champions,232.2222287319257,1.0,0.37616216324947666,0.7523243264989542,1.5255465509562085
MT-17815,50,6,2890.139,1,Champions,1100.5209264303503,1.0,0.5047988888675636,1.0095977777351282,2.0472399381851214
MT-18070,204,4,1319.4498,0,Loyal Customers,370.5194640688169,0.9999999999999998,0.29662193993095465,0.5932438798619084,1.202966756386648
MV-17485,28,9,1560.05,1,Champions,343.0492608944509,1.0,0.47591515682840513,0.9518303136568103,1.9301003582485348
MV-18190,20,7,1734.574,1,Champions,370.522334252344,1.0,0.39205040492043414,0.7841008098408705,1.5899821977328634
MW-18220,18,7,5341.900000000001,1,Champions,1187.7092460918188,1.0,0.43515884196746846,0.8703176839349391,1.76481085909029
MW-18235,45,2,5253.876,1,Champions,1391.2789848684536,0.9999999999986358,0.186607364291759,0.37321472858351823,0.7567965329610223
MY-17380,30,7,2254.285,1,Champions,798.6948740475126,1.0,0.5628156820229059,1.1256313640458095,2.282530265981782
MY-18295,72,11,4152.696,1,Champions,805.9543796686378,1.0,0.589146397342433,1.178292794684868,2.3893159447776506
MZ-17335,31,4,593.606,0,Loyal Customers,109.01678426352329,1.0,0.3807210102161072,0.7614420204322153,1.5440352080986575
MZ-17515,283,6,2564.906,1,Champions,697.6598138400706,1.0,0.36000562985430307,0.720011259708607,1.4600228321869047
NB-18580,1166,2,273.87199999999996,0,Loyal Customers,107.9419135110173,0.9999999999268823,0.1995146347164993,0.3990292694329981,0.8091426852391352
NB-18655,20,9,1972.599,1,Champions,386.0163907982154,1.0,0.5611785069159465,1.1223570138318961,2.2758906113813455
NC-18340,225,5,2461.404,1,Champions,696.5679033458721,1.0,0.3147965234393372,0.6295930468786757,1.2766747895039807
NC-18415,42,6,2218.9900000000002,1,Champions,600.3495506528603,1.0,0.365234692461104,0.7304693849222089,1.481229586092257
NC-18535,7,7,8241.739,1,Champions,1950.489734209524,1.0,0.42766223289715766,0.8553244657943164,1.7344079445273628
NC-18625,205,5,1821.742,1,Champions,582.7647687201379,1.0,0.351687451864711,0.7033749037294207,1.4262879992291049
ND-18370,28,9,4326.139,1,Champions,846.1815290979993,1.0,0.4743337168379855,0.9486674336759725,1.9236867405096114
ND-18460,184,6,2893.455,1,Champions,682.310054642756,1.0,0.3501522417854459,0.70030448357089,1.4200618694631952
NF-18385,80,7,8322.826,1,Champions,1690.823645288606,1.0,0.39431488517017205,0.7886297703403452,1.5991659231901445
NF-18475,526,4,377.16200000000003,0,Loyal Customers,100.38267006773505,0.9999999999999996,0.26835932480605595,0.5367186496121124,1.0883461506023375
NF-18595,115,7,2031.472,1,Champions,503.16382801725956,1.0,0.40745502120275173,0.8149100424055157,1.6524564748778487
NG-18355,49,5,1869.58,1,Champions,462.1519027635098,1.0,0.3567912989835335,0.713582597967069,1.446986934766551
NG-18430,49,5,1395.9379999999999,1,Champions,473.05735510425825,1.0,0.3567912989835335,0.713582597967069,1.446986934766551
NH-18610,190,7,2673.29,1,Champions,632.2831549370603,1.0,0.3979543053003133,0.7959086106006266,1.6139257937179385
NK-18490,71,7,572.048,1,Champions,184.3959232420849,1.0,0.5099170011871574,1.0198340023743149,2.0679967270368063
NL-18310,59,4,1418.0900000000001,1,Champions,517.4234745363826,1.0,0.3025035194778081,0.6050070389556162,1.2268198289933336
NM-18445,161,7,6459.344,1,Champions,1596.873658422203,1.0,0.3937463162149476,0.7874926324299063,1.5968600602050875
NM-18520,245,10,2161.979,1,Champions,637.3510241722653,0.9999999999999998,0.7244214994652532,1.4488429989305083,2.937931636720199
NP-18325,26,6,5529.62,1,Champions,1493.0945177120748,1.0,0.36707321622751476,0.7341464324550304,1.4886858213671432
NP-18670,59,5,3908.402,1,Champions,1202.945251464898,1.0,0.37677000528327065,0.7535400105665393,1.5280116880932613
NP-18685,407,6,1228.698,0,Loyal Customers,303.141401960048,0.9999999999999998,0.355097015933402,0.710194031866804,1.4401156757299085
NP-18700,139,7,7903.1825,1,Champions,2103.5876065912594,1.0,0.43771645942625176,0.8754329188525035,1.7751834187842441
NR-18550,211,5,2367.277,1,Champions,649.1056785918005,1.0,0.3258698043995481,0.6517396087990962,1.321583095620384
NS-18505,7,4,2575.863,1,Champions,1346.1844954961498,1.0,0.5178511521603537,1.0357023043207079,2.100174117094769
NS-18640,175,13,2964.823,1,Champions,564.3311701164431,1.0,0.653034403395637,1.3060688067912762,2.6484173026600866
NW-18400,173,7,7234.014,1,Champions,1812.6868330254767,1.0,0.42063541139904453,0.8412708227980891,1.7059102795628007
NZ-18565,86,9,2488.31,1,Champions,397.87566403420584,1.0,0.5243666877475673,1.0487333754951238,2.1265982336429112
ON-18715,411,9,1567.52,1,Champions,378.0967485709896,0.9999999999999998,0.5361845750504345,1.0723691501008705,2.174526332148988
OT-18730,66,5,3818.624,1,Champions,1339.4567393260022,1.0,0.3886832106251375,0.7773664212502757,1.5763263542019468
PA-19060,104,6,729.408,1,Champions,179.8362203004067,1.0,0.36781381887186243,0.7356276377437257,1.4916893765358852
PB-18805,26,3,740.356,0,Loyal Customers,443.72611104726377,0.9999999999999998,0.3210024030766669,0.6420048061533338,1.301843079144261
PB-19105,58,4,688.324,0,Loyal Customers,36.129502530062794,1.0,0.30502359114915945,0.610047182298318,1.2370401196604797
PB-19150,98,8,1456.95,1,Champions,358.78193129597645,1.0,0.4724261358633514,0.9448522717267002,1.9159504398902552
PB-19210,689,2,132.738,0,Loyal Customers,63.70515881365924,0.9999999999909319,0.205970104382927,0.41194020876585397,0.8353232011085361
PC-18745,3,4,1832.064,1,Champions,106.2076535386548,1.0,0.31302049372784624,0.6260409874556916,1.269472002340709
PC-19000,883,2,1061.488,0,Loyal Customers,720.8992437559468,0.9999999999869345,0.1826381044567971,0.3652762089135947,0.7406989791858986
PF-19120,836,4,9062.864,0,Loyal Customers,3140.4380586006196,0.9999999999999984,0.2753556799248372,0.5507113598496736,1.1167202574729498
PF-19165,197,6,2770.0,1,Champions,640.9912635581076,1.0,0.39277633930076117,0.7855526786015223,1.5929262649419773
PF-19225,115,5,2206.1279999999997,1,Champions,1036.8865112651972,1.0,0.527594315955304,1.0551886319106067,2.139688059152072
PG-18820,37,13,3086.907,1,Champions,612.293724244799,1.0,0.68282864960787,1.36565729921574,2.7692495234096985
PG-18895,58,9,1987.164,1,Champions,419.1358613307232,1.0,0.5024803347362308,1.00496066947246,2.0378369130969385
PH-18790,71,1,729.648,0,Loyal Customers,,,,,
PJ-18835,40,8,1220.09,1,Champions,298.97798310405034,1.0,0.4155149867673927,0.8310299735347854,1.6851441130010938
PJ-19015,135,7,1824.2340000000002,1,Champions,464.53619036737985,1.0,0.4050375659867905,0.810075131973581,1.642652350946431
PK-18910,484,2,1441.152,0,Loyal Customers,1008.5485685328415,0.9999999999961966,0.1822774384586531,0.3645548769173061,0.7392362781934265
PK-19075,10,12,8646.934,1,Champions,1921.9669053763541,1.0,0.7033356024130831,1.4066712048261663,2.8524166097863817
PL-18925,16,5,239.481,0,Loyal Customers,61.17446893320418,1.0,0.3522688927988688,0.7045377855977369,1.428646065239856
PM-18940,387,3,1405.402,0,Loyal Customers,599.4596239227517,0.9999999999999996,0.2301176863246244,0.46023537264924946,0.933255061205422
PM-19135,52,4,4115.662,1,Champions,392.2814618008955,1.0,0.39185824728303004,0.7837164945660601,1.5892028917589556
PN-18775,31,8,1467.152,1,Champions,464.6381170114329,1.0,0.592104410339733,1.184208820679466,2.401312330822251
PO-18850,5,11,7473.8282,1,Champions,1809.2036360887064,1.0,0.6502192147357473,1.3004384294714946,2.637000148650537
PO-18865,1,7,2493.214,1,Champions,396.1422692609388,1.0,0.4020557894265544,0.8041115788531088,1.6305595904521364
PO-19180,161,9,4893.043,1,Champions,1459.5303028555284,1.0,0.6524142365630398,1.3048284731260842,2.6459021816167816
PO-19195,87,5,1056.858,1,Champions,222.34360034944282,1.0,0.3021485051665781,0.6042970103331549,1.2253800487311184
PP-18955,98,10,7252.608,1,Champions,1719.8105015637948,1.0,0.5788876858177407,1.1577753716354797,2.347711170260832
PR-18880,37,5,1840.178,1,Champions,586.7011643902846,1.0,0.3415402634799967,0.6830805269599941,1.3851355130022096
PS-18760,108,6,2181.479,1,Champions,607.0895056292592,1.0,0.3732738884729552,0.7465477769459095,1.5138329921403202
PS-18970,70,8,1278.639,1,Champions,241.44301879180097,1.0,0.45132066013878847,0.9026413202775743,1.8303560105628602
PS-19045,237,7,6843.634,1,Champions,1157.1836616936375,1.0,0.4639958347486366,0.9279916694972721,1.8817608853694685
PT-19090,72,4,160.572,0,Loyal Customers,61.56528622172906,1.0,0.2945538515212278,0.5891077030424561,1.194579508947203
PV-18985,90,5,2876.046,1,Champions,730.9654074158943,1.0,0.33178989704491463,0.6635797940898299,1.3455923602377131
PW-19030,47,10,3454.916,1,Champions,742.227390621728,1.0,0.5491197958701649,1.098239591740328,2.2269858388067747
PW-19240,465,7,3922.4150000000004,1,Champions,1073.979971031634,0.9999999999999996,0.45573584587591454,0.9114716917518291,1.8482620416078757
QJ-19255,26,9,6108.338,1,Champions,1378.9011372505,1.0,0.4889567038680749,0.9779134077361513,1.9829910767983063
RA-19285,6,9,2617.906,1,Champions,696.4794735524413,1.0,0.5637112366676764,1.1274224733353513,2.2861622375966877
RA-19885,44,7,3832.314,1,Champions,668.7379999211084,1.0,0.405237924407372,0.8104758488147418,1.6434649156521164
RA-19915,13,9,4793.543,1,Champions,1164.0713674389608,1.0,0.5154404454514804,1.0308808909029608,2.090397362108781
RA-19945,62,5,1686.9225,1,Champions,317.60523986866326,1.0,0.34026759957269354,0.6805351991453877,1.379974153822591
RB-19330,69,2,1008.1959999999999,0,Loyal Customers,275.91895708316196,0.9999999999985427,0.20528298957808913,0.41056597915617793,0.8325365688444728
RB-19360,97,6,15117.339,1,Champions,6178.033752829771,1.0,0.5619871129269106,1.123974225853823,2.279169957981362
RB-19435,20,8,2663.0860000000002,1,Champions,636.2963848417199,1.0,0.4436135499576295,0.8872270999152604,1.799099397050381
RB-19465,10,12,4715.466,1,Champions,878.4505126266451,1.0,0.620168335476965,1.2403366709539256,2.5151271383232308
RB-19570,26,5,528.546,0,Loyal Customers,241.60568100827626,1.0,0.503094927735766,1.0061898554715327,2.040329429150608
RB-19645,649,5,221.084,0,Loyal Customers,58.20847628808255,0.9999999999999993,0.3391842696680009,0.6783685393359992,1.375580649209116
RB-19705,55,4,2067.45,1,Champions,939.982773910709,1.0,0.36119127012823404,0.7223825402564645,1.4648312621867203
RB-19795,33,8,5633.316000000001,1,Champions,1401.0838769699412,1.0,0.4625717317646083,0.9251434635292153,1.8759853566009101
RC-19825,370,6,966.409,0,Loyal Customers,294.2335758920943,0.9999999999999998,0.40954124379144285,0.8190824875828839,1.660917266487517
RC-19960,111,6,885.752,1,Champions,203.64512521434165,1.0,0.3873517271657223,0.7747034543314473,1.57092644906099
RD-19480,73,8,4272.93,1,Champions,633.3511964107762,1.0,0.4637514216424702,0.927502843284943,1.880769654438911
RD-19585,181,10,2912.8940000000002,1,Champions,394.8552829948997,1.0,0.4928151781210798,0.9856303562421596,1.998639333491047
RD-19660,115,5,2786.632,1,Champions,1007.1031034057104,1.0,0.3868016109740618,0.7736032219481236,1.568695422283695
RD-19720,22,10,1419.737,1,Champions,312.75774377314315,1.0,0.56772369365344,1.13544738730688,2.3024349798167427
RD-19810,15,8,1137.616,1,Champions,302.6474497583553,1.0,0.49968800607939845,0.9993760121587969,2.026512469099785
RD-19900,115,9,3133.924,1,Champions,551.3272096471057,1.0,0.4935454315586392,0.9870908631172753,2.001600916876698
RD-19930,43,4,970.9420000000001,0,Loyal Customers,347.2619336826183,1.0,0.2979091066695495,0.595818213339099,1.2081869326042847
RE-19405,1098,1,48.36,0,Loyal Customers,,,,,
RE-19450,303,5,876.696,0,Loyal Customers,207.88884534120035,0.9999999999999998,0.32520664686848966,0.6504132937369786,1.318893623411096
RF-19345,391,8,3309.15,1,Champions,768.145334321408,0.9999999999999998,0.4593003037900852,0.918600607580169,1.8627178987042334
RF-19735,90,7,2341.2960000000003,1,Champions,619.4487115017884,1.0,0.43081083488103683,0.8616216697620737,1.7471772747953174
RF-19840,7,8,945.222,1,Champions,245.72577760155613,1.0,0.5041208977118653,1.0082417954237333,2.0444903073870133
RH-19495,33,5,3621.3759999999997,1,Champions,1140.6373475905568,1.0,0.33918426966800114,0.6783685393359996,1.375580649209117
RH-19510,468,6,6979.18,1,Champions,2053.619609760844,0.9999999999999998,0.4052172634242837,0.8104345268485674,1.6433811238873728
RH-19555,520,2,740.382,0,Loyal Customers,747.3458912801894,0.9999999999919125,0.2606409175681173,0.5212818351362345,1.0570437212484762
RH-19600,535,3,2085.7400000000002,0,Loyal Customers,439.3770625405262,0.9999999999999991,0.2922022328753268,0.5844044657506552,1.1850423888832704
RK-19300,120,3,1460.192,0,Loyal Customers,130.5167014412,0.9999999999999998,0.29558776245922425,0.5911755249184487,1.1987725921957435
RL-19615,122,8,6234.91,1,Champions,1691.2846406681133,1.0,0.5106327525411132,1.0212655050822264,2.07089949641674
RM-19375,346,6,1453.474,0,Loyal Customers,392.0772136820446,0.9999999999999998,0.3667040321974379,0.7334080643948749,1.4871885750229432
RM-19675,7,5,5979.0960000000005,1,Champions,1980.5407754569992,1.0,0.3548108469685139,0.7096216939370278,1.4389551015945288
RM-19750,300,1,98.35,0,Loyal Customers,,,,,
RO-19780,36,7,3815.478,1,Champions,1208.9282002893947,1.0,0.5048887452268462,1.0097774904536914,2.047604355642207
RP-19270,497,4,954.6452,0,Loyal Customers,249.93620857283645,0.9999999999999996,0.3005172468809542,0.6010344937619075,1.2187643901283127
RP-19390,34,12,5153.084,1,Champions,1108.7762486048148,1.0,0.6424566187381326,1.2849132374762675,2.605518509326876
RP-19855,29,8,2170.716,1,Champions,499.2021787373388,1.0,0.44909143724320605,0.8981828744864094,1.8213152732641058
RR-19315,20,2,615.932,0,Loyal Customers,824.2187069234601,0.9999999999986611,0.3448784551098083,0.6897569102196165,1.3986737346120006
RR-19525,171,6,3302.2619999999997,1,Champions,297.0412279609386,1.0,0.39046287776961547,0.7809257555392318,1.5835438931767742
RS-19420,77,5,3221.29,1,Champions,639.2620995719999,1.0,0.3359752771099027,0.6719505542198021,1.362566401612382
RS-19765,37,8,4159.7699999999995,1,Champions,826.6564942203831,1.0,0.44953551834046956,0.8990710366809378,1.8231162688252338
RS-19870,20,2,22.328,0,Loyal Customers,26.4476430300727,0.999999999998674,0.3000368142151612,0.6000736284303219,1.2168159687614877
RW-19540,121,7,7397.401,1,Champions,2175.009396152091,1.0,0.47613127446582915,0.9522625489316583,1.9309768353336405
RW-19630,90,9,3279.746,1,Champions,795.8104625668415,1.0,0.5149092182558609,1.0298184365117233,2.0882429407043412
RW-19690,80,5,3495.646,1,Champions,1707.6862316683205,1.0,0.5160930650804345,1.0321861301608684,2.093044097270648
SA-20830,64,10,4767.3415,1,Champions,1048.7393904419746,1.0,0.5270653511496004,1.0541307022992026,2.137542812995604
SB-20170,202,3,1348.02,0,Loyal Customers,587.6497100546715,0.9999999999999998,0.2339870530645091,0.4679741061290182,0.9489474929838424
SB-20185,189,6,6410.996,1,Champions,1753.796751141901,1.0,0.39277633930076117,0.7855526786015223,1.5929262649419773
SB-20290,48,7,8057.891,1,Champions,2045.142405684214,1.0,0.4115488842598591,0.8230977685197182,1.669059363942764
SC-20020,782,5,3362.9636,0,Loyal Customers,938.0943028522374,0.9999999999999989,0.3106656667101941,0.6213313334203882,1.259921870546897
SC-20050,41,9,4624.572,1,Champions,319.4731058422576,1.0,0.48919608753971483,0.9783921750794266,1.983961910577725
SC-20095,350,9,14142.333999999999,1,Champions,3175.797976273849,0.9999999999999998,0.4811863853841099,0.9623727707682183,1.9514781185022225
SC-20230,150,4,4371.9580000000005,1,Champions,2408.0817921648704,0.9999999999999998,0.4459486958232047,0.8918973916464094,1.8085697108385521
SC-20260,188,8,3729.7929999999997,1,Champions,738.1080676254642,1.0,0.4493133680644244,0.8986267361288488,1.8222153260390535
SC-20305,30,7,3979.065,1,Champions,1064.7508522934427,1.0,0.46294699881290224,0.9258939976258045,1.8775072729634363
SC-20380,31,9,5992.536,1,Champions,1239.5477467010246,1.0,0.4851581797392226,0.9703163594784436,1.967585951164636
SC-20440,37,7,1874.998,1,Champions,618.4117390035613,1.0,0.5369910869887754,1.0739821739775475,2.17779718612115
SC-20575,93,5,902.7280000000001,1,Champions,81.96606267950662,1.0,0.3273718431400903,0.6547436862801793,1.327674697179257
SC-20680,127,6,1254.64,1,Champions,356.7114820105486,1.0,0.40634627593848643,0.812692551876972,1.6479598968616396
SC-20695,90,10,2576.408,1,Champions,636.401921836548,1.0,0.6155268720792227,1.2310537441584473,2.4963034256546264
SC-20725,188,11,5226.21,1,Champions,1065.5379789862209,1.0,0.5999368166607266,1.1998736333214512,2.433077089790721
SC-20770,42,7,4492.657,1,Champions,1338.8615950236583,1.0,0.5173231330441457,1.0346462660882902,2.098032706234592
SC-20800,31,4,279.25600000000003,0,Loyal Customers,40.867624100131266,1.0,0.3896342519168325,0.7792685038336645,1.5801833549960425
SC-20845,132,2,280.632,0,Loyal Customers,367.53507707040524,0.9999999999978781,0.3439147171085467,0.6878294342170924,1.3947652416068839
SD-20485,201,9,6121.114,1,Champions,1165.0923498477373,1.0,0.47727909392693857,0.9545581878538631,1.9356318809259148
SE-20110,10,11,12209.438000000002,1,Champions,2683.760951421267,1.0,0.5841847097740178,1.1683694195480037,2.3691935451945634
SF-20065,60,7,763.5459999999999,1,Champions,120.46630289491301,1.0,0.438888978102826,0.877777956205652,1.7799386334170053
SF-20200,60,9,3422.7859999999996,1,Champions,860.6712459690099,1.0,0.5669094803856246,1.1338189607712306,2.299132892674996
SF-20965,49,9,3336.535,1,Champions,852.7708929325717,1.0,0.5473455110364404,1.0946910220728807,2.219790128092234
SG-20080,9,3,3406.5809999999997,1,Champions,514.8781406482914,0.9999999999999998,0.3165765082279588,0.6331530164559174,1.2838936167022774
SG-20470,184,8,1884.798,1,Champions,419.1822966755059,1.0,0.4753902775772903,0.9507805551545819,1.9279716812856766
SG-20605,109,6,3124.832,1,Champions,821.3341732466165,1.0,0.3478140688990058,0.6956281377980116,1.4105792794237462
SG-20890,227,3,47.946,0,Loyal Customers,20.48160884446955,0.9999999999999998,0.22615124392524452,0.45230248785048904,0.9171689336968255
SH-19975,30,13,3406.8395,1,Champions,710.442717919945,1.0,0.765511154347448,1.5310223086948935,3.1045730148535435
SH-20395,24,10,2180.718,1,Champions,447.46002999700335,1.0,0.6005932012663061,1.201186402532607,2.4357390940244494
SH-20635,766,2,2096.392,0,Loyal Customers,566.2784968340513,0.9999999999873066,0.20864721003305267,0.4172944200661055,0.8461803518007135
SJ-20125,96,12,3949.656,1,Champions,931.3076803112283,1.0,0.8520707822206369,1.7041415644412783,3.4556203945614836
SJ-20215,30,6,1341.036,1,Champions,368.23455273368717,1.0,0.4253060135407954,0.8506120270815926,1.7248521660265623
SJ-20500,254,5,1318.776,0,Loyal Customers,397.87087917182043,1.0,0.3406302489918779,0.6812604979837578,1.381444898689285
SK-19990,9,3,883.409,0,Loyal Customers,733.2166447949458,0.9999999999999998,0.43462996154195516,0.869259923083911,1.762665955142375
SL-20155,71,7,3053.012,1,Champions,831.3596464149331,1.0,0.4414907618278475,0.8829815236557073,1.7904903118574116
SM-20005,422,4,244.49399999999997,0,Loyal Customers,89.42793594937214,0.9999999999999998,0.306384874427508,0.6127697488550156,1.242560879622671
SM-20320,80,5,25043.05,1,Champions,411.52827355441786,1.0,0.3129471045356908,0.6258942090713823,1.2691743683947483
SM-20905,607,1,1043.041,0,Loyal Customers,,,,,
SM-20950,26,12,5563.392,1,Champions,755.2123390184535,1.0,0.6869662561262435,1.373932512252487,2.7860298165119888
SN-20560,112,6,1860.418,1,Champions,614.1832399204393,1.0,0.45990849059226097,0.9198169811845219,1.8651844340686126
SN-20710,80,7,3127.9592,1,Champions,780.8480555419357,1.0,0.4109295682773223,0.8218591365546435,1.6665476935691457
SO-20335,30,6,2602.5755,1,Champions,611.0249905780922,1.0,0.49587390336092424,0.9917478067218485,2.011044163630414
SP-20545,328,6,1306.086,0,Loyal Customers,392.7235578597523,0.9999999999999998,0.3977032744870704,0.7954065489741416,1.6129077243086745
SP-20620,48,9,5440.319,1,Champions,1367.559182983144,1.0,0.5347498254390682,1.0694996508781318,2.1687076253917716
SP-20650,387,9,1872.4360000000001,1,Champions,430.56502431868137,0.9999999999999998,0.4962416443989841,0.9924832887979667,2.0125355578403217
SP-20860,80,10,4282.94,1,Champions,1102.2505994733644,1.0,0.6151792277510512,1.230358455502104,2.4948935347681522
SP-20920,71,6,3990.689,1,Champions,1211.069940389464,1.0,0.40657283381681353,0.8131456676336271,1.6488787149237425
SR-20425,9,5,3233.481,1,Champions,936.3502712540327,1.0,0.3270368613442297,0.6540737226884601,1.3263161598960378
SR-20740,197,8,4345.8859999999995,1,Champions,1027.3327338031504,1.0,0.4395389100304516,0.8790778200609018,1.7825744684568274
SS-20140,16,8,1324.028,1,Champions,351.60231688365764,1.0,0.5072144145129338,1.0144288290258676,2.0570362366357897
SS-20410,111,6,3056.8070000000002,1,Champions,757.6283605822307,1.0,0.3702415527623479,0.740483105524694,1.5015351862028536
SS-20515,492,3,613.4,0,Loyal Customers,265.2338707090617,0.9999999999999996,0.23860706232400752,0.4772141246480146,0.9676841972029196
SS-20590,433,6,418.49,0,Loyal Customers,101.38619466599937,0.9999999999999998,0.38327983756666945,0.7665596751333345,1.5544126745759375
SS-20875,121,5,964.636,1,Champions,194.86340785924295,1.0,0.36081927767491245,0.7216385553498256,1.4633226261260301
ST-20530,126,7,433.34000000000003,1,Champions,106.0157423948055,1.0,0.3948850985249498,0.7897701970499018,1.6014784551289722
SU-20665,21,7,2595.364,1,Champions,891.817534214425,1.0,0.5787193160058804,1.157438632011761,2.347028337134957
SV-20365,102,10,11470.949999999999,1,Champions,2478.040526083312,1.0,0.5165668628484401,1.0331337256968784,2.0949656104408936
SV-20785,321,9,4105.305,1,Champions,951.7370688069512,1.0,0.4952578016976315,0.9905156033952646,2.008545529107045
SV-20815,77,4,1271.0900000000001,0,Loyal Customers,491.3475031686738,1.0,0.33682484483215147,0.6736496896643034,1.3660118707081734
SV-20935,3,8,1903.491,1,Champions,701.2895960117095,1.0,0.6937578915603849,1.3875157831207858,2.813573671328263
SW-20245,82,7,1085.078,1,Champions,279.51125346014123,1.0,0.42699351085034004,0.8539870217006801,1.7316959051152767
SW-20275,31,6,1966.65,1,Champions,524.5179223451216,1.0,0.3556165269264694,0.7112330538529414,1.4422225814240184
SW-20350,163,3,1019.044,0,Loyal Customers,342.9373484610865,0.9999999999999998,0.3561005482840172,0.7122010965680344,1.4441855569296256
SW-20455,163,7,2921.544,1,Champions,557.8453597284206,1.0,0.5179773244816293,1.0359546489632574,2.1006858159532724
SW-20755,535,2,758.6959999999999,0,Loyal Customers,530.1207436588853,0.9999999999947973,0.20358509350968496,0.40717018701936986,0.8256506570114996
SZ-20035,36,11,3625.329,1,Champions,751.4496106316991,1.0,0.6307428785485271,1.2614857570970541,2.5580127852245798
TA-21385,70,4,14595.62,1,Champions,5139.2177989346055,1.0,0.2945538515212278,0.5891077030424561,1.194579508947203
TB-21055,120,5,1467.881,1,Champions,407.14643654806906,1.0,0.5237040283170238,1.047408056634047,2.1239107815079286
TB-21175,59,4,3589.296,1,Champions,1380.6693781310867,1.0,0.30897030628211974,0.6179406125642399,1.2530462421441526
TB-21190,50,4,816.1740000000001,0,Loyal Customers,23.305541924064336,1.0,0.31230850299054164,0.6246170059810833,1.2665844843505305
TB-21250,350,7,1602.376,1,Champions,389.95664994105675,0.9999999999999998,0.46086348792163767,0.9217269758432765,1.86905747879331
TB-21280,584,6,2198.45,0,Loyal Customers,427.03972694979495,0.9999999999999996,0.37442385951717677,0.7488477190343527,1.5184967635974445
TB-21355,147,5,834.328,0,Loyal Customers,361.67049340272865,1.0,0.4684385178265873,0.9368770356531753,1.8997784334078252
TB-21400,203,7,9133.99,1,Champions,2236.5565729652685,1.0,0.3903690399485833,0.7807380798971677,1.583163328680366
TB-21520,108,9,4737.486,1,Champions,1186.752513325566,1.0,0.546148842937141,1.092297685874279,2.2149369741339524
TB-21595,286,5,1387.559,0,Loyal Customers,400.2985421083066,1.0,0.3087151586550675,0.6174303173101343,1.252011476767773
TB-21625,31,9,2797.668,1,Champions,644.9530575946591,1.0,0.5254697090883236,1.0509394181766456,2.1310715979693047
TC-20980,400,5,19052.218,1,Champions,6331.365277744939,0.9999999999999998,0.35343756154072437,0.7068751230814487,1.4333856662484932
TC-21145,107,1,1038.26,0,Loyal Customers,,,,,
TC-21295,28,8,4266.812,1,Champions,638.5985002432246,1.0,0.49614327824771404,0.9922865564954294,2.012136628449069
TC-21475,154,9,1244.976,1,Champions,326.48253666625567,1.0,0.5571110096791517,1.1142220193582988,2.2593946503654423
TC-21535,5,7,742.5580000000001,1,Champions,211.83269871885096,1.0,0.4519643740814789,0.9039287481629567,1.8329666282193287
TD-20995,38,9,1434.5480000000002,1,Champions,334.91962262649497,1.0,0.5045099791677965,1.009019958335593,2.0460682488471695
TG-21310,338,5,3058.372,1,Champions,1097.0345446957842,0.9999999999999998,0.3790039542286989,0.7580079084573978,1.5370715921497224
TG-21640,115,4,2074.661,1,Champions,322.0869495272858,1.0,0.27060715060731416,0.5412143012146279,1.0974623330185511
TH-21100,345,5,2422.824,0,Loyal Customers,570.4103789599247,0.9999999999999998,0.34560277865954414,0.6912055573190883,1.4016112690081504
TH-21115,59,4,2942.772,1,Champions,1100.6172149382598,1.0,0.29630188431538634,0.5926037686307731,1.201668753056845
TH-21235,118,8,1022.201,1,Champions,278.04458689909757,1.0,0.5018946639130043,1.0037893278260073,2.0354616925360736
TH-21550,73,7,4234.0960000000005,1,Champions,1064.9127831379155,1.0,0.4046374429277705,0.809274885855541,1.6410296296515143
TM-21010,104,8,2955.2259999999997,1,Champions,699.6887932250644,1.0,0.43975149774345296,0.8795029954868899,1.7834366297373068
TM-21490,131,3,1094.6779999999999,0,Loyal Customers,728.4649983610806,0.9999999999999998,0.4913674346829382,0.9827348693658764,1.9927679295474716
TN-21040,91,7,3130.221,1,Champions,841.5317884239811,1.0,0.4460581605192133,0.8921163210384278,1.8090136509945824
TP-21130,9,9,4454.0560000000005,1,Champions,1261.9211782765622,1.0,0.605377436915406,1.210754873830812,2.455141827490258
TP-21415,105,5,5329.0048,1,Champions,2129.519842618572,1.0,0.4493396123536553,0.8986792247073093,1.8223217612120457
TP-21565,351,4,1936.6399999999999,0,Loyal Customers,757.4714075785506,0.9999999999999998,0.3241037096996703,0.6482074193993415,1.3144206004486638
TR-21325,194,5,675.9419999999999,0,Loyal Customers,212.46810350845305,1.0,0.35819082162597443,0.7163816432519489,1.4526627765942297
TS-21085,358,2,4.833,0,Loyal Customers,11.878610674107703,0.9999999999963718,0.23750361089784677,0.4750072217956932,0.9632090886412672
TS-21160,505,6,2163.6240000000003,0,Loyal Customers,595.4937419433496,0.9999999999999998,0.36341449378047014,0.7268289875609403,1.473847669220794
TS-21205,199,7,5371.09,1,Champions,1353.909027757313,1.0,0.40166153301024266,0.8033230660204875,1.6289606616526535
TS-21340,227,5,974.7819999999999,0,Loyal Customers,174.3089035898568,1.0,0.3043061282946852,0.608612256589371,1.2341304091951135
TS-21370,37,6,11891.751,1,Champions,3222.62693312541,1.0,0.4009836352062032,0.8019672704124047,1.6262114094473776
TS-21430,173,5,2054.14,1,Champions,220.3559844867795,1.0,0.3349190638363443,0.6698381276726899,1.3582828700029523
TS-21505,12,6,2243.274,1,Champions,474.1249458172689,1.0,0.41302065051690273,0.8260413010338046,1.6750281937629947
TS-21610,56,7,2820.424,1,Champions,538.0835847187672,1.0,0.43308837141829903,0.8661767428365992,1.7564139507519931
TS-21655,239,5,3368.094,1,Champions,944.3745789769749,1.0,0.3721633847392423,0.7443267694784853,1.5093292825535944
TT-21070,32,7,4915.602,1,Champions,1236.5500609138521,1.0,0.41341808360504306,0.8268361672100861,1.6766400057315631
TT-21220,184,8,1427.0439999999999,1,Champions,367.6871633083285,1.0,0.49052221345106445,0.9810444269021276,1.989340087884875
TT-21265,407,3,439.5,0,Loyal Customers,72.39881950340357,0.9999999999999996,0.30061882950858276,0.6012376590171653,1.2191763641181412
TT-21460,13,7,5364.808,1,Champions,1200.930426594466,1.0,0.5799483978362369,1.159896795672476,2.3520129467802975
TW-21025,65,7,5278.826,1,Champions,1457.0213306840574,1.0,0.4645220368910856,0.9290440737821724,1.8838949273916354
TZ-21580,36,4,1707.286,1,Champions,211.40963631262846,1.0,0.304347475642195,0.6086949512843909,1.2342980956600136
VB-21745,55,6,2005.596,1,Champions,705.3465492048745,1.0,0.46847693869443513,0.9369538773888685,1.899934251371875
VD-21670,582,6,6442.254,1,Champions,1250.7576691245276,0.9999999999999996,0.3830784891272401,0.766156978254481,1.553596094793808
VF-21715,14,5,847.944,1,Champions,60.54577261979654,1.0,0.3103639858502965,0.6207279717005924,1.2586983870595396
VG-21790,155,6,846.01,1,Champions,202.9982648140513,1.0,0.3838851548505387,0.7677703097010774,1.5568675724494079
VG-21805,287,5,427.372,0,Loyal Customers,34.50742819382769,0.9999999999999998,0.34467101627090607,0.6893420325418128,1.3978324548764551
VM-21685,55,7,2454.866,1,Champions,561.3164655645328,1.0,0.4050375659867905,0.810075131973581,1.642652350946431
VM-21835,118,5,380.69,0,Loyal Customers,110.95150207945217,1.0,0.3135611582607245,0.6271223165214497,1.2716646973907166
VP-21730,31,3,993.9019999999999,0,Loyal Customers,548.8534724889673,0.9999999999999998,0.2927610919033006,0.5855221838066011,1.1873088727189411
VP-21760,76,7,3360.526,1,Champions,899.8627643739875,1.0,0.4379504617008038,0.8759009234016076,1.7761324280088142
VS-21820,222,4,1055.981,0,Loyal Customers,321.35737665297586,1.0,0.2599753386915319,0.5199506773830656,1.054344429137882
VT-21700,1001,2,1736.596,0,Loyal Customers,1196.5139224517304,0.999999999976874,0.1881286987978251,0.37625739759565047,0.7629663895689586
VW-21775,29,10,6134.0380000000005,1,Champions,1129.5431769014704,1.0,0.5477391022491627,1.0954782044983236,2.2213863591216034
WB-21850,21,11,6160.102,1,Champions,1087.629395150447,1.0,0.6509370683295395,1.301874136659081,2.6399114437809184
XP-21865,44,11,2374.658,1,Champions,354.2117009399646,1.0,0.5616472022430142,1.1232944044860265,2.2777914313188843
YC-21895,5,5,5454.35,1,Champions,788.3520033810802,1.0,0.3554026702021674,0.7108053404043329,1.441355273597676
YS-21880,10,8,6720.4439999999995,1,Champions,1759.3164836833605,1.0,0.5217680874338491,1.0435361748677008,2.1160594657039455
ZC-21910,55,13,8025.707,1,Champions,1506.8224488814783,1.0,0.7412962246899025,1.482592449379805,3.0063680223534934
ZD-21925,203,5,1493.944,1,Champions,404.38711307657843,1.0,0.33990572151620735,0.6798114430324147,1.3785065372601732
